photo_id,split,license,observer,url
747447460,train,CC0,steve_mcwilliam,https://www.inaturalist.org/photos/747447460
747447456,train,CC0,steve_mcwilliam,https://www.inaturalist.org/photos/747447456
747447404,train,CC0,steve_mcwilliam,https://www.inaturalist.org/photos/747447404
747447402,train,CC0,steve_mcwilliam,https://www.inaturalist.org/photos/747447402
747447210,train,CC0,steve_mcwilliam,https://www.inaturalist.org/photos/747447210
747447010,train,CC0,steve_mcwilliam,https://www.inaturalist.org/photos/747447010
747446988,test,CC0,steve_mcwilliam,https://www.inaturalist.org/photos/747446988
747446943,train,CC0,steve_mcwilliam,https://www.inaturalist.org/photos/747446943
747446939,train,CC0,steve_mcwilliam,https://www.inaturalist.org/photos/747446939
747446907,train,CC0,steve_mcwilliam,https://www.inaturalist.org/photos/747446907
747446861,train,CC0,steve_mcwilliam,https://www.inaturalist.org/photos/747446861
747446737,train,CC0,steve_mcwilliam,https://www.inaturalist.org/photos/747446737
747446759,test,CC0,steve_mcwilliam,https://www.inaturalist.org/photos/747446759
747446695,train,CC0,steve_mcwilliam,https://www.inaturalist.org/photos/747446695
747446655,test,CC0,steve_mcwilliam,https://www.inaturalist.org/photos/747446655
747446628,train,CC0,steve_mcwilliam,https://www.inaturalist.org/photos/747446628
747446591,train,CC0,steve_mcwilliam,https://www.inaturalist.org/photos/747446591
747446188,train,CC0,steve_mcwilliam,https://www.inaturalist.org/photos/747446188
747446022,train,CC0,steve_mcwilliam,https://www.inaturalist.org/photos/747446022
747577656,train,CC0,chudraa,https://www.inaturalist.org/photos/747577656
747558831,test,CC0,joelb73,https://www.inaturalist.org/photos/747558831
747532640,train,CC0,bettina149,https://www.inaturalist.org/photos/747532640
747531877,train,CC0,bettina149,https://www.inaturalist.org/photos/747531877
747529576,train,CC0,bettina149,https://www.inaturalist.org/photos/747529576
747477921,test,CC0,patricklm35,https://www.inaturalist.org/photos/747477921
747477353,train,CC0,patricklm35,https://www.inaturalist.org/photos/747477353
747476851,train,CC0,patricklm35,https://www.inaturalist.org/photos/747476851
747476754,train,CC0,patricklm35,https://www.inaturalist.org/photos/747476754
747476532,test,CC0,patricklm35,https://www.inaturalist.org/photos/747476532
747476453,train,CC0,patricklm35,https://www.inaturalist.org/photos/747476453
747475737,test,CC0,patricklm35,https://www.inaturalist.org/photos/747475737
747475438,test,CC0,patricklm35,https://www.inaturalist.org/photos/747475438
747472631,train,CC0,pondbob,https://www.inaturalist.org/photos/747472631
747472599,train,CC0,pondbob,https://www.inaturalist.org/photos/747472599
747472552,train,CC0,pondbob,https://www.inaturalist.org/photos/747472552
747460077,test,CC0,pino_carrasco739,https://www.inaturalist.org/photos/747460077
747459710,test,CC0,pilmar,https://www.inaturalist.org/photos/747459710
747459010,test,CC0,pilmar,https://www.inaturalist.org/photos/747459010
747452470,train,CC0,olearam,https://www.inaturalist.org/photos/747452470
747449761,test,CC0,pilmar,https://www.inaturalist.org/photos/747449761
747452146,test,CC0,pilmar,https://www.inaturalist.org/photos/747452146
747444546,test,CC0,pilmar,https://www.inaturalist.org/photos/747444546
747442743,train,CC0,pilmar,https://www.inaturalist.org/photos/747442743
747441733,train,CC0,pilmar,https://www.inaturalist.org/photos/747441733
747437024,test,CC0,eric_haavind_berman,https://www.inaturalist.org/photos/747437024
747436825,train,CC0,eric_haavind_berman,https://www.inaturalist.org/photos/747436825
747431682,train,CC0,kert01,https://www.inaturalist.org/photos/747431682
747427959,train,CC0,claresherlock,https://www.inaturalist.org/photos/747427959
747423723,train,CC0,michael_martinez64,https://www.inaturalist.org/photos/747423723
747422450,train,CC0,meuchael,https://www.inaturalist.org/photos/747422450
747421828,train,CC0,meuchael,https://www.inaturalist.org/photos/747421828
747416703,train,CC0,meuchael,https://www.inaturalist.org/photos/747416703
747416956,train,CC0,claresherlock,https://www.inaturalist.org/photos/747416956
747416564,train,CC0,claresherlock,https://www.inaturalist.org/photos/747416564
747411275,test,CC0,meuchael,https://www.inaturalist.org/photos/747411275
747410226,train,CC0,claresherlock,https://www.inaturalist.org/photos/747410226
747408952,train,CC0,meuchael,https://www.inaturalist.org/photos/747408952
747403331,train,CC0,meuchael,https://www.inaturalist.org/photos/747403331
747403569,train,CC0,claresherlock,https://www.inaturalist.org/photos/747403569
747403413,train,CC0,piresp,https://www.inaturalist.org/photos/747403413
747402975,train,CC0,maxforager,https://www.inaturalist.org/photos/747402975
747402422,train,CC0,claresherlock,https://www.inaturalist.org/photos/747402422
747402349,train,CC0,claresherlock,https://www.inaturalist.org/photos/747402349
747413709,train,CC0,claresherlock,https://www.inaturalist.org/photos/747413709
747400240,train,CC0,meuchael,https://www.inaturalist.org/photos/747400240
747411784,train,CC0,claresherlock,https://www.inaturalist.org/photos/747411784
747399914,test,CC0,claresherlock,https://www.inaturalist.org/photos/747399914
747399758,train,CC0,claresherlock,https://www.inaturalist.org/photos/747399758
747399653,train,CC0,sudenkorentoko,https://www.inaturalist.org/photos/747399653
747399463,train,CC0,sudenkorentoko,https://www.inaturalist.org/photos/747399463
747399373,train,CC0,sudenkorentoko,https://www.inaturalist.org/photos/747399373
747395817,test,CC0,willallman,https://www.inaturalist.org/photos/747395817
747394042,train,CC0,harrisont71,https://www.inaturalist.org/photos/747394042
747389059,train,CC0,john_herbz,https://www.inaturalist.org/photos/747389059
747388381,test,CC0,john_herbz,https://www.inaturalist.org/photos/747388381
747378062,train,CC0,greenandbluespace,https://www.inaturalist.org/photos/747378062
747376236,train,CC0,laurelsimmo,https://www.inaturalist.org/photos/747376236
747374169,train,CC0,darrkflower,https://www.inaturalist.org/photos/747374169
747373743,train,CC0,a-travva,https://www.inaturalist.org/photos/747373743
747373499,train,CC0,a-travva,https://www.inaturalist.org/photos/747373499
747373388,train,CC0,a-travva,https://www.inaturalist.org/photos/747373388
747373384,train,CC0,a-travva,https://www.inaturalist.org/photos/747373384
747373752,test,CC0,darrkflower,https://www.inaturalist.org/photos/747373752
747372683,test,CC0,meuchael,https://www.inaturalist.org/photos/747372683
747372201,test,CC0,a-travva,https://www.inaturalist.org/photos/747372201
747370264,train,CC0,sergei26320,https://www.inaturalist.org/photos/747370264
747366641,train,CC0,igor322,https://www.inaturalist.org/photos/747366641
747366067,train,CC0,igor322,https://www.inaturalist.org/photos/747366067
747364919,test,CC0,darrkflower,https://www.inaturalist.org/photos/747364919
747364056,train,CC0,darrkflower,https://www.inaturalist.org/photos/747364056
747363975,test,CC0,darrkflower,https://www.inaturalist.org/photos/747363975
747344189,train,CC0,maxforager,https://www.inaturalist.org/photos/747344189
747343907,train,CC0,maxforager,https://www.inaturalist.org/photos/747343907
747343495,train,CC0,maxforager,https://www.inaturalist.org/photos/747343495
747334713,train,CC0,phillipdn,https://www.inaturalist.org/photos/747334713
747334613,train,CC0,phillipdn,https://www.inaturalist.org/photos/747334613
747333676,train,CC0,john_herbz,https://www.inaturalist.org/photos/747333676
747331902,train,CC0,wiggleeye,https://www.inaturalist.org/photos/747331902
747321776,train,CC0,pino_carrasco739,https://www.inaturalist.org/photos/747321776
747321488,train,CC0,igor322,https://www.inaturalist.org/photos/747321488
747295563,train,CC0,john_herbz,https://www.inaturalist.org/photos/747295563
747289802,train,CC0,maxforager,https://www.inaturalist.org/photos/747289802
747258796,train,CC0,karenkwilson,https://www.inaturalist.org/photos/747258796
747205948,train,CC0,kh-c,https://www.inaturalist.org/photos/747205948
747205922,test,CC0,kh-c,https://www.inaturalist.org/photos/747205922
747156443,train,CC0,ellyne,https://www.inaturalist.org/photos/747156443
747144075,train,CC0,worldofscience,https://www.inaturalist.org/photos/747144075
747135311,train,CC0,ellyne,https://www.inaturalist.org/photos/747135311
747140160,train,CC0,plm43,https://www.inaturalist.org/photos/747140160
747138647,train,CC0,plm43,https://www.inaturalist.org/photos/747138647
747138116,train,CC0,plm43,https://www.inaturalist.org/photos/747138116
747135578,train,CC0,plm43,https://www.inaturalist.org/photos/747135578
747135298,test,CC0,plm43,https://www.inaturalist.org/photos/747135298
747134961,train,CC0,plm43,https://www.inaturalist.org/photos/747134961
747133922,test,CC0,plm43,https://www.inaturalist.org/photos/747133922
747133776,train,CC0,plm43,https://www.inaturalist.org/photos/747133776
747132316,test,CC0,plm43,https://www.inaturalist.org/photos/747132316
747130829,train,CC0,plm43,https://www.inaturalist.org/photos/747130829
747119482,train,CC0,plm43,https://www.inaturalist.org/photos/747119482
747117697,train,CC0,plm43,https://www.inaturalist.org/photos/747117697
747116755,train,CC0,plm43,https://www.inaturalist.org/photos/747116755
747109946,test,CC0,thomasbrel,https://www.inaturalist.org/photos/747109946
747077401,test,CC0,sambuckton,https://www.inaturalist.org/photos/747077401
747100120,train,CC0,valentinkempf,https://www.inaturalist.org/photos/747100120
747055728,train,CC0,sofi41,https://www.inaturalist.org/photos/747055728
747055563,train,CC0,sofi41,https://www.inaturalist.org/photos/747055563
747078746,train,CC0,valentinkempf,https://www.inaturalist.org/photos/747078746
747077658,train,CC0,valentinkempf,https://www.inaturalist.org/photos/747077658
747075859,train,CC0,valentinkempf,https://www.inaturalist.org/photos/747075859
747074773,train,CC0,hewitt58,https://www.inaturalist.org/photos/747074773
747074081,train,CC0,valentinkempf,https://www.inaturalist.org/photos/747074081
747072890,test,CC0,valentinkempf,https://www.inaturalist.org/photos/747072890
747072060,train,CC0,valentinkempf,https://www.inaturalist.org/photos/747072060
747069194,test,CC0,valentinkempf,https://www.inaturalist.org/photos/747069194
747068969,train,CC0,valentinkempf,https://www.inaturalist.org/photos/747068969
747066159,train,CC0,dirkwearswhitesox,https://www.inaturalist.org/photos/747066159
747061612,test,CC0,valentinkempf,https://www.inaturalist.org/photos/747061612
747061334,train,CC0,valentinkempf,https://www.inaturalist.org/photos/747061334
747045682,test,CC0,olearam,https://www.inaturalist.org/photos/747045682
747044179,train,CC0,madmagpie,https://www.inaturalist.org/photos/747044179
747039248,train,CC0,valentinkempf,https://www.inaturalist.org/photos/747039248
747038004,train,CC0,blotty1722,https://www.inaturalist.org/photos/747038004
747032726,train,CC0,patricklm35,https://www.inaturalist.org/photos/747032726
747032695,train,CC0,patricklm35,https://www.inaturalist.org/photos/747032695
747032698,train,CC0,patricklm35,https://www.inaturalist.org/photos/747032698
747032605,train,CC0,patricklm35,https://www.inaturalist.org/photos/747032605
747032607,train,CC0,patricklm35,https://www.inaturalist.org/photos/747032607
747032608,train,CC0,patricklm35,https://www.inaturalist.org/photos/747032608
747032550,train,CC0,patricklm35,https://www.inaturalist.org/photos/747032550
747032525,train,CC0,patricklm35,https://www.inaturalist.org/photos/747032525
747032513,train,CC0,patricklm35,https://www.inaturalist.org/photos/747032513
747032475,train,CC0,patricklm35,https://www.inaturalist.org/photos/747032475
747032455,train,CC0,patricklm35,https://www.inaturalist.org/photos/747032455
747037238,train,CC0,valentinkempf,https://www.inaturalist.org/photos/747037238
747036775,train,CC0,valentinkempf,https://www.inaturalist.org/photos/747036775
747036433,train,CC0,valentinkempf,https://www.inaturalist.org/photos/747036433
747022802,train,CC0,mykhas,https://www.inaturalist.org/photos/747022802
747022499,train,CC0,mykhas,https://www.inaturalist.org/photos/747022499
747022435,train,CC0,mykhas,https://www.inaturalist.org/photos/747022435
747022104,train,CC0,mykhas,https://www.inaturalist.org/photos/747022104
747022067,train,CC0,mykhas,https://www.inaturalist.org/photos/747022067
747021931,test,CC0,mykhas,https://www.inaturalist.org/photos/747021931
747021656,train,CC0,mykhas,https://www.inaturalist.org/photos/747021656
747021680,train,CC0,mykhas,https://www.inaturalist.org/photos/747021680
747021647,train,CC0,mykhas,https://www.inaturalist.org/photos/747021647
747021384,train,CC0,mykhas,https://www.inaturalist.org/photos/747021384
747020454,train,CC0,mykhas,https://www.inaturalist.org/photos/747020454
747020417,train,CC0,mykhas,https://www.inaturalist.org/photos/747020417
747020409,train,CC0,mykhas,https://www.inaturalist.org/photos/747020409
747020372,train,CC0,mykhas,https://www.inaturalist.org/photos/747020372
747020167,train,CC0,mykhas,https://www.inaturalist.org/photos/747020167
747020071,train,CC0,mykhas,https://www.inaturalist.org/photos/747020071
747019993,train,CC0,mykhas,https://www.inaturalist.org/photos/747019993
747019628,test,CC0,mykhas,https://www.inaturalist.org/photos/747019628
747026359,train,CC0,patricklm35,https://www.inaturalist.org/photos/747026359
747026295,train,CC0,patricklm35,https://www.inaturalist.org/photos/747026295
747026278,train,CC0,patricklm35,https://www.inaturalist.org/photos/747026278
747026208,train,CC0,patricklm35,https://www.inaturalist.org/photos/747026208
747026031,train,CC0,patricklm35,https://www.inaturalist.org/photos/747026031
747025986,train,CC0,patricklm35,https://www.inaturalist.org/photos/747025986
747026025,train,CC0,patricklm35,https://www.inaturalist.org/photos/747026025
747025972,train,CC0,patricklm35,https://www.inaturalist.org/photos/747025972
747030684,train,CC0,valentinkempf,https://www.inaturalist.org/photos/747030684
747010072,train,CC0,patricklm35,https://www.inaturalist.org/photos/747010072
747010009,train,CC0,patricklm35,https://www.inaturalist.org/photos/747010009
747009897,train,CC0,patricklm35,https://www.inaturalist.org/photos/747009897
747009970,train,CC0,patricklm35,https://www.inaturalist.org/photos/747009970
747009895,test,CC0,patricklm35,https://www.inaturalist.org/photos/747009895
747009780,test,CC0,patricklm35,https://www.inaturalist.org/photos/747009780
747009750,train,CC0,patricklm35,https://www.inaturalist.org/photos/747009750
747009722,test,CC0,patricklm35,https://www.inaturalist.org/photos/747009722
747009613,train,CC0,patricklm35,https://www.inaturalist.org/photos/747009613
747009612,test,CC0,patricklm35,https://www.inaturalist.org/photos/747009612
747009216,train,CC0,patricklm35,https://www.inaturalist.org/photos/747009216
747009073,train,CC0,patricklm35,https://www.inaturalist.org/photos/747009073
747009078,train,CC0,patricklm35,https://www.inaturalist.org/photos/747009078
747009005,test,CC0,patricklm35,https://www.inaturalist.org/photos/747009005
747008748,train,CC0,patricklm35,https://www.inaturalist.org/photos/747008748
747008702,train,CC0,patricklm35,https://www.inaturalist.org/photos/747008702
747008656,test,CC0,patricklm35,https://www.inaturalist.org/photos/747008656
747008566,test,CC0,patricklm35,https://www.inaturalist.org/photos/747008566
747018826,train,CC0,olearam,https://www.inaturalist.org/photos/747018826
747012940,train,CC0,mykhas,https://www.inaturalist.org/photos/747012940
747012886,train,CC0,mykhas,https://www.inaturalist.org/photos/747012886
747012797,train,CC0,mykhas,https://www.inaturalist.org/photos/747012797
747012393,train,CC0,mykhas,https://www.inaturalist.org/photos/747012393
747012351,train,CC0,mykhas,https://www.inaturalist.org/photos/747012351
747012271,test,CC0,mykhas,https://www.inaturalist.org/photos/747012271
747016982,train,CC0,abrahamlaura,https://www.inaturalist.org/photos/747016982
747005365,train,CC0,patricklm35,https://www.inaturalist.org/photos/747005365
747005287,train,CC0,patricklm35,https://www.inaturalist.org/photos/747005287
747004442,train,CC0,valentinkempf,https://www.inaturalist.org/photos/747004442
747002139,train,CC0,ubovich,https://www.inaturalist.org/photos/747002139
747001945,train,CC0,valentinkempf,https://www.inaturalist.org/photos/747001945
747001076,train,CC0,ubovich,https://www.inaturalist.org/photos/747001076
747000342,train,CC0,ubovich,https://www.inaturalist.org/photos/747000342
746999333,train,CC0,ubovich,https://www.inaturalist.org/photos/746999333
746991721,train,CC0,d_king,https://www.inaturalist.org/photos/746991721
746991009,train,CC0,john_herbz,https://www.inaturalist.org/photos/746991009
746987194,test,CC0,ubovich,https://www.inaturalist.org/photos/746987194
746974794,train,CC0,pilmar,https://www.inaturalist.org/photos/746974794
746975584,test,CC0,pilmar,https://www.inaturalist.org/photos/746975584
746970927,test,CC0,stephen6309,https://www.inaturalist.org/photos/746970927
746969528,test,CC0,richard_irvine_rhs,https://www.inaturalist.org/photos/746969528
746968868,train,CC0,richard_irvine_rhs,https://www.inaturalist.org/photos/746968868
746965240,train,CC0,pilmar,https://www.inaturalist.org/photos/746965240
746961842,train,CC0,alanawheat,https://www.inaturalist.org/photos/746961842
746955644,train,CC0,darrkflower,https://www.inaturalist.org/photos/746955644
746955638,train,CC0,darrkflower,https://www.inaturalist.org/photos/746955638
746955506,train,CC0,darrkflower,https://www.inaturalist.org/photos/746955506
746955239,train,CC0,darrkflower,https://www.inaturalist.org/photos/746955239
746954757,train,CC0,darrkflower,https://www.inaturalist.org/photos/746954757
746954590,test,CC0,darrkflower,https://www.inaturalist.org/photos/746954590
746954495,test,CC0,darrkflower,https://www.inaturalist.org/photos/746954495
746954118,train,CC0,darrkflower,https://www.inaturalist.org/photos/746954118
746950312,train,CC0,darrkflower,https://www.inaturalist.org/photos/746950312
746950039,test,CC0,darrkflower,https://www.inaturalist.org/photos/746950039
746949761,train,CC0,celinecc,https://www.inaturalist.org/photos/746949761
746949567,train,CC0,darrkflower,https://www.inaturalist.org/photos/746949567
746949213,test,CC0,darrkflower,https://www.inaturalist.org/photos/746949213
746949045,train,CC0,darrkflower,https://www.inaturalist.org/photos/746949045
746946757,train,CC0,andrea1138,https://www.inaturalist.org/photos/746946757
746945352,train,CC0,celinecc,https://www.inaturalist.org/photos/746945352
746941158,train,CC0,crystalmarir,https://www.inaturalist.org/photos/746941158
746939586,test,CC0,cjoynson,https://www.inaturalist.org/photos/746939586
746939475,train,CC0,cjoynson,https://www.inaturalist.org/photos/746939475
746939031,train,CC0,john_herbz,https://www.inaturalist.org/photos/746939031
746938418,train,CC0,john_herbz,https://www.inaturalist.org/photos/746938418
746937245,train,CC0,celinecc,https://www.inaturalist.org/photos/746937245
746935943,test,CC0,celinecc,https://www.inaturalist.org/photos/746935943
746935371,train,CC0,celinecc,https://www.inaturalist.org/photos/746935371
746935274,train,CC0,celinecc,https://www.inaturalist.org/photos/746935274
746934543,test,CC0,chimpers,https://www.inaturalist.org/photos/746934543
746933050,train,CC0,celinecc,https://www.inaturalist.org/photos/746933050
746932419,train,CC0,celinecc,https://www.inaturalist.org/photos/746932419
746930677,train,CC0,celinecc,https://www.inaturalist.org/photos/746930677
746929767,train,CC0,john_herbz,https://www.inaturalist.org/photos/746929767
746925659,train,CC0,plm43,https://www.inaturalist.org/photos/746925659
746925606,train,CC0,plm43,https://www.inaturalist.org/photos/746925606
746925435,train,CC0,ashrad90,https://www.inaturalist.org/photos/746925435
746910034,train,CC0,o2k,https://www.inaturalist.org/photos/746910034
746909805,train,CC0,o2k,https://www.inaturalist.org/photos/746909805
746909774,train,CC0,o2k,https://www.inaturalist.org/photos/746909774
746909765,test,CC0,o2k,https://www.inaturalist.org/photos/746909765
746909703,test,CC0,o2k,https://www.inaturalist.org/photos/746909703
746909655,train,CC0,o2k,https://www.inaturalist.org/photos/746909655
746909443,train,CC0,o2k,https://www.inaturalist.org/photos/746909443
746909444,train,CC0,o2k,https://www.inaturalist.org/photos/746909444
746902251,train,CC0,sudenkorentoko,https://www.inaturalist.org/photos/746902251
746893175,train,CC0,pilmar,https://www.inaturalist.org/photos/746893175
746893112,train,CC0,pilmar,https://www.inaturalist.org/photos/746893112
746892002,train,CC0,pilmar,https://www.inaturalist.org/photos/746892002
746891617,train,CC0,maxforager,https://www.inaturalist.org/photos/746891617
746890991,train,CC0,maxforager,https://www.inaturalist.org/photos/746890991
746890782,test,CC0,pilmar,https://www.inaturalist.org/photos/746890782
746890184,train,CC0,maxforager,https://www.inaturalist.org/photos/746890184
746889737,train,CC0,pilmar,https://www.inaturalist.org/photos/746889737
746889066,train,CC0,pilmar,https://www.inaturalist.org/photos/746889066
746888373,train,CC0,pilmar,https://www.inaturalist.org/photos/746888373
746888335,test,CC0,pilmar,https://www.inaturalist.org/photos/746888335
746887921,test,CC0,pilmar,https://www.inaturalist.org/photos/746887921
746887600,train,CC0,pilmar,https://www.inaturalist.org/photos/746887600
746887332,train,CC0,pilmar,https://www.inaturalist.org/photos/746887332
746887238,train,CC0,pilmar,https://www.inaturalist.org/photos/746887238
746887002,train,CC0,pilmar,https://www.inaturalist.org/photos/746887002
746887024,train,CC0,sharpsparks,https://www.inaturalist.org/photos/746887024
746886922,test,CC0,pilmar,https://www.inaturalist.org/photos/746886922
746873573,train,CC0,forfoster,https://www.inaturalist.org/photos/746873573
746868141,train,CC0,pilmar,https://www.inaturalist.org/photos/746868141
746867437,train,CC0,pilmar,https://www.inaturalist.org/photos/746867437
746865680,train,CC0,pilmar,https://www.inaturalist.org/photos/746865680
746857002,train,CC0,a-travva,https://www.inaturalist.org/photos/746857002
746854793,test,CC0,a-travva,https://www.inaturalist.org/photos/746854793
746854749,train,CC0,a-travva,https://www.inaturalist.org/photos/746854749
746852903,train,CC0,a-travva,https://www.inaturalist.org/photos/746852903
746852105,train,CC0,a-travva,https://www.inaturalist.org/photos/746852105
746852103,train,CC0,a-travva,https://www.inaturalist.org/photos/746852103
746850344,test,CC0,a-travva,https://www.inaturalist.org/photos/746850344
746850367,test,CC0,a-travva,https://www.inaturalist.org/photos/746850367
746850322,test,CC0,a-travva,https://www.inaturalist.org/photos/746850322
746847516,test,CC0,hedaja,https://www.inaturalist.org/photos/746847516
746844738,train,CC0,jacqueline_jeanne,https://www.inaturalist.org/photos/746844738
746840112,train,CC0,bettina149,https://www.inaturalist.org/photos/746840112
746679675,train,CC0,stephen6309,https://www.inaturalist.org/photos/746679675
746660654,train,CC0,sambuckton,https://www.inaturalist.org/photos/746660654
746660611,train,CC0,sambuckton,https://www.inaturalist.org/photos/746660611
746660389,test,CC0,sambuckton,https://www.inaturalist.org/photos/746660389
746660334,train,CC0,sambuckton,https://www.inaturalist.org/photos/746660334
746660297,train,CC0,sambuckton,https://www.inaturalist.org/photos/746660297
746660270,train,CC0,sambuckton,https://www.inaturalist.org/photos/746660270
746659819,train,CC0,sambuckton,https://www.inaturalist.org/photos/746659819
746659562,train,CC0,sambuckton,https://www.inaturalist.org/photos/746659562
746659455,train,CC0,sambuckton,https://www.inaturalist.org/photos/746659455
746659269,test,CC0,sambuckton,https://www.inaturalist.org/photos/746659269
746658997,train,CC0,sambuckton,https://www.inaturalist.org/photos/746658997
746658959,train,CC0,sambuckton,https://www.inaturalist.org/photos/746658959
746658843,train,CC0,sambuckton,https://www.inaturalist.org/photos/746658843
746658762,train,CC0,sambuckton,https://www.inaturalist.org/photos/746658762
746658512,train,CC0,sambuckton,https://www.inaturalist.org/photos/746658512
746658263,train,CC0,sambuckton,https://www.inaturalist.org/photos/746658263
746658222,test,CC0,sambuckton,https://www.inaturalist.org/photos/746658222
746657253,test,CC0,sambuckton,https://www.inaturalist.org/photos/746657253
746657116,train,CC0,sambuckton,https://www.inaturalist.org/photos/746657116
746657003,test,CC0,sambuckton,https://www.inaturalist.org/photos/746657003
746656832,train,CC0,sambuckton,https://www.inaturalist.org/photos/746656832
746663729,train,CC0,northross,https://www.inaturalist.org/photos/746663729
746663216,train,CC0,northross,https://www.inaturalist.org/photos/746663216
746662736,train,CC0,northross,https://www.inaturalist.org/photos/746662736
746662237,test,CC0,northross,https://www.inaturalist.org/photos/746662237
746660970,test,CC0,northross,https://www.inaturalist.org/photos/746660970
746660531,train,CC0,northross,https://www.inaturalist.org/photos/746660531
746650357,test,CC0,plm43,https://www.inaturalist.org/photos/746650357
746650252,train,CC0,plm43,https://www.inaturalist.org/photos/746650252
746649732,train,CC0,plm43,https://www.inaturalist.org/photos/746649732
746649577,train,CC0,plm43,https://www.inaturalist.org/photos/746649577
746649287,train,CC0,plm43,https://www.inaturalist.org/photos/746649287
746638018,train,CC0,northross,https://www.inaturalist.org/photos/746638018
746631205,train,CC0,patricklm35,https://www.inaturalist.org/photos/746631205
746631166,train,CC0,patricklm35,https://www.inaturalist.org/photos/746631166
746637571,train,CC0,northross,https://www.inaturalist.org/photos/746637571
746633734,train,CC0,darrkflower,https://www.inaturalist.org/photos/746633734
746633647,train,CC0,darrkflower,https://www.inaturalist.org/photos/746633647
746633507,train,CC0,darrkflower,https://www.inaturalist.org/photos/746633507
746633334,train,CC0,darrkflower,https://www.inaturalist.org/photos/746633334
746631775,train,CC0,plm43,https://www.inaturalist.org/photos/746631775
746631694,train,CC0,plm43,https://www.inaturalist.org/photos/746631694
746631593,train,CC0,plm43,https://www.inaturalist.org/photos/746631593
746630586,train,CC0,paulround1985,https://www.inaturalist.org/photos/746630586
746630503,test,CC0,paulround1985,https://www.inaturalist.org/photos/746630503
746625837,train,CC0,patricklm35,https://www.inaturalist.org/photos/746625837
746626103,train,CC0,plm43,https://www.inaturalist.org/photos/746626103
746625432,train,CC0,plm43,https://www.inaturalist.org/photos/746625432
746624530,test,CC0,plm43,https://www.inaturalist.org/photos/746624530
746603134,train,CC0,plm43,https://www.inaturalist.org/photos/746603134
746602987,train,CC0,plm43,https://www.inaturalist.org/photos/746602987
746602866,test,CC0,plm43,https://www.inaturalist.org/photos/746602866
746600002,test,CC0,plm43,https://www.inaturalist.org/photos/746600002
746598900,train,CC0,plm43,https://www.inaturalist.org/photos/746598900
746588107,test,CC0,patricklm35,https://www.inaturalist.org/photos/746588107
746585302,train,CC0,cjoynson,https://www.inaturalist.org/photos/746585302
746584962,train,CC0,cjoynson,https://www.inaturalist.org/photos/746584962
746584886,train,CC0,cjoynson,https://www.inaturalist.org/photos/746584886
746578484,test,CC0,patricklm35,https://www.inaturalist.org/photos/746578484
746578402,train,CC0,patricklm35,https://www.inaturalist.org/photos/746578402
746578333,test,CC0,patricklm35,https://www.inaturalist.org/photos/746578333
746578305,train,CC0,patricklm35,https://www.inaturalist.org/photos/746578305
746578285,train,CC0,patricklm35,https://www.inaturalist.org/photos/746578285
746578300,train,CC0,patricklm35,https://www.inaturalist.org/photos/746578300
746578242,train,CC0,patricklm35,https://www.inaturalist.org/photos/746578242
746578235,train,CC0,patricklm35,https://www.inaturalist.org/photos/746578235
746578098,train,CC0,patricklm35,https://www.inaturalist.org/photos/746578098
746578096,test,CC0,patricklm35,https://www.inaturalist.org/photos/746578096
746581810,train,CC0,cjoynson,https://www.inaturalist.org/photos/746581810
746579947,train,CC0,cjoynson,https://www.inaturalist.org/photos/746579947
746579828,train,CC0,cjoynson,https://www.inaturalist.org/photos/746579828
746577676,train,CC0,lynette7426,https://www.inaturalist.org/photos/746577676
746577593,train,CC0,lynette7426,https://www.inaturalist.org/photos/746577593
746577484,test,CC0,lynette7426,https://www.inaturalist.org/photos/746577484
746577246,train,CC0,erikbuchwald,https://www.inaturalist.org/photos/746577246
746574121,train,CC0,patricklm35,https://www.inaturalist.org/photos/746574121
746544426,train,CC0,steve_mcwilliam,https://www.inaturalist.org/photos/746544426
746544371,train,CC0,steve_mcwilliam,https://www.inaturalist.org/photos/746544371
746544290,train,CC0,steve_mcwilliam,https://www.inaturalist.org/photos/746544290
746544261,train,CC0,steve_mcwilliam,https://www.inaturalist.org/photos/746544261
746544253,test,CC0,steve_mcwilliam,https://www.inaturalist.org/photos/746544253
746544202,train,CC0,steve_mcwilliam,https://www.inaturalist.org/photos/746544202
746544198,train,CC0,steve_mcwilliam,https://www.inaturalist.org/photos/746544198
746544193,train,CC0,steve_mcwilliam,https://www.inaturalist.org/photos/746544193
746544087,train,CC0,steve_mcwilliam,https://www.inaturalist.org/photos/746544087
746544113,train,CC0,steve_mcwilliam,https://www.inaturalist.org/photos/746544113
746544077,test,CC0,steve_mcwilliam,https://www.inaturalist.org/photos/746544077
746544063,train,CC0,steve_mcwilliam,https://www.inaturalist.org/photos/746544063
746544039,train,CC0,steve_mcwilliam,https://www.inaturalist.org/photos/746544039
746544027,train,CC0,steve_mcwilliam,https://www.inaturalist.org/photos/746544027
746544002,train,CC0,steve_mcwilliam,https://www.inaturalist.org/photos/746544002
746543992,train,CC0,steve_mcwilliam,https://www.inaturalist.org/photos/746543992
746543974,train,CC0,steve_mcwilliam,https://www.inaturalist.org/photos/746543974
746543929,test,CC0,steve_mcwilliam,https://www.inaturalist.org/photos/746543929
746543936,train,CC0,steve_mcwilliam,https://www.inaturalist.org/photos/746543936
746543894,train,CC0,steve_mcwilliam,https://www.inaturalist.org/photos/746543894
746543894,train,CC0,steve_mcwilliam,https://www.inaturalist.org/photos/746543894
746543890,train,CC0,steve_mcwilliam,https://www.inaturalist.org/photos/746543890
746543854,test,CC0,steve_mcwilliam,https://www.inaturalist.org/photos/746543854
746543833,train,CC0,steve_mcwilliam,https://www.inaturalist.org/photos/746543833
746543835,train,CC0,steve_mcwilliam,https://www.inaturalist.org/photos/746543835
746543797,train,CC0,steve_mcwilliam,https://www.inaturalist.org/photos/746543797
746543749,train,CC0,steve_mcwilliam,https://www.inaturalist.org/photos/746543749
746543746,train,CC0,steve_mcwilliam,https://www.inaturalist.org/photos/746543746
746543647,test,CC0,steve_mcwilliam,https://www.inaturalist.org/photos/746543647
746543600,train,CC0,steve_mcwilliam,https://www.inaturalist.org/photos/746543600
746543505,train,CC0,steve_mcwilliam,https://www.inaturalist.org/photos/746543505
746543462,test,CC0,steve_mcwilliam,https://www.inaturalist.org/photos/746543462
746543464,train,CC0,steve_mcwilliam,https://www.inaturalist.org/photos/746543464
746543363,train,CC0,steve_mcwilliam,https://www.inaturalist.org/photos/746543363
746543427,train,CC0,steve_mcwilliam,https://www.inaturalist.org/photos/746543427
746543364,train,CC0,steve_mcwilliam,https://www.inaturalist.org/photos/746543364
746543322,train,CC0,steve_mcwilliam,https://www.inaturalist.org/photos/746543322
746543319,train,CC0,steve_mcwilliam,https://www.inaturalist.org/photos/746543319
746543192,train,CC0,steve_mcwilliam,https://www.inaturalist.org/photos/746543192
746543159,train,CC0,steve_mcwilliam,https://www.inaturalist.org/photos/746543159
746543154,train,CC0,steve_mcwilliam,https://www.inaturalist.org/photos/746543154
746543163,train,CC0,steve_mcwilliam,https://www.inaturalist.org/photos/746543163
746543073,train,CC0,steve_mcwilliam,https://www.inaturalist.org/photos/746543073
746543058,train,CC0,steve_mcwilliam,https://www.inaturalist.org/photos/746543058
746542644,train,CC0,steve_mcwilliam,https://www.inaturalist.org/photos/746542644
746542132,train,CC0,steve_mcwilliam,https://www.inaturalist.org/photos/746542132
746863597,train,CC0,andrea1138,https://www.inaturalist.org/photos/746863597
746539771,train,CC0,pino_carrasco739,https://www.inaturalist.org/photos/746539771
746538447,train,CC0,pino_carrasco739,https://www.inaturalist.org/photos/746538447
746537069,train,CC0,kristy218,https://www.inaturalist.org/photos/746537069
746536876,train,CC0,kristy218,https://www.inaturalist.org/photos/746536876
746536584,train,CC0,kristy218,https://www.inaturalist.org/photos/746536584
746536231,train,CC0,kristy218,https://www.inaturalist.org/photos/746536231
746535642,train,CC0,kristy218,https://www.inaturalist.org/photos/746535642
746534819,train,CC0,kristy218,https://www.inaturalist.org/photos/746534819
746534646,train,CC0,kristy218,https://www.inaturalist.org/photos/746534646
746534055,train,CC0,maxforager,https://www.inaturalist.org/photos/746534055
746534129,train,CC0,kristy218,https://www.inaturalist.org/photos/746534129
746533212,train,CC0,kristy218,https://www.inaturalist.org/photos/746533212
746529242,train,CC0,termeszet1,https://www.inaturalist.org/photos/746529242
746526285,train,CC0,olearam,https://www.inaturalist.org/photos/746526285
746508178,train,CC0,steve_mcwilliam,https://www.inaturalist.org/photos/746508178
746508137,train,CC0,steve_mcwilliam,https://www.inaturalist.org/photos/746508137
746508110,train,CC0,steve_mcwilliam,https://www.inaturalist.org/photos/746508110
746508101,train,CC0,steve_mcwilliam,https://www.inaturalist.org/photos/746508101
746508087,test,CC0,steve_mcwilliam,https://www.inaturalist.org/photos/746508087
746508068,train,CC0,steve_mcwilliam,https://www.inaturalist.org/photos/746508068
746508038,train,CC0,steve_mcwilliam,https://www.inaturalist.org/photos/746508038
746507942,train,CC0,steve_mcwilliam,https://www.inaturalist.org/photos/746507942
746507937,train,CC0,steve_mcwilliam,https://www.inaturalist.org/photos/746507937
746507909,test,CC0,steve_mcwilliam,https://www.inaturalist.org/photos/746507909
746507875,test,CC0,steve_mcwilliam,https://www.inaturalist.org/photos/746507875
746507845,train,CC0,steve_mcwilliam,https://www.inaturalist.org/photos/746507845
746507799,test,CC0,steve_mcwilliam,https://www.inaturalist.org/photos/746507799
746507765,train,CC0,steve_mcwilliam,https://www.inaturalist.org/photos/746507765
746507723,train,CC0,steve_mcwilliam,https://www.inaturalist.org/photos/746507723
746507717,train,CC0,steve_mcwilliam,https://www.inaturalist.org/photos/746507717
746507671,train,CC0,steve_mcwilliam,https://www.inaturalist.org/photos/746507671
746507628,train,CC0,steve_mcwilliam,https://www.inaturalist.org/photos/746507628
746507627,train,CC0,steve_mcwilliam,https://www.inaturalist.org/photos/746507627
746507591,test,CC0,steve_mcwilliam,https://www.inaturalist.org/photos/746507591
746507518,train,CC0,steve_mcwilliam,https://www.inaturalist.org/photos/746507518
746507509,train,CC0,steve_mcwilliam,https://www.inaturalist.org/photos/746507509
746507505,train,CC0,steve_mcwilliam,https://www.inaturalist.org/photos/746507505
746507100,train,CC0,steve_mcwilliam,https://www.inaturalist.org/photos/746507100
746521259,train,CC0,greenandbluespace,https://www.inaturalist.org/photos/746521259
746519802,train,CC0,maxforager,https://www.inaturalist.org/photos/746519802
746518894,train,CC0,hdobserver,https://www.inaturalist.org/photos/746518894
746518273,train,CC0,hdobserver,https://www.inaturalist.org/photos/746518273
746517431,test,CC0,maxforager,https://www.inaturalist.org/photos/746517431
746518141,train,CC0,hdobserver,https://www.inaturalist.org/photos/746518141
746517929,train,CC0,hdobserver,https://www.inaturalist.org/photos/746517929
746517774,train,CC0,greenandbluespace,https://www.inaturalist.org/photos/746517774
746517589,test,CC0,hdobserver,https://www.inaturalist.org/photos/746517589
746517517,train,CC0,hdobserver,https://www.inaturalist.org/photos/746517517
746517439,train,CC0,hdobserver,https://www.inaturalist.org/photos/746517439
746517337,train,CC0,hdobserver,https://www.inaturalist.org/photos/746517337
746517272,train,CC0,hdobserver,https://www.inaturalist.org/photos/746517272
746517198,train,CC0,hdobserver,https://www.inaturalist.org/photos/746517198
746516431,train,CC0,hdobserver,https://www.inaturalist.org/photos/746516431
746513711,test,CC0,ruebezahl,https://www.inaturalist.org/photos/746513711
746512080,test,CC0,ruebezahl,https://www.inaturalist.org/photos/746512080
746509539,train,CC0,plouisetaylor,https://www.inaturalist.org/photos/746509539
746507646,test,CC0,madmagpie,https://www.inaturalist.org/photos/746507646
746507339,train,CC0,plouisetaylor,https://www.inaturalist.org/photos/746507339
746506062,train,CC0,celinecc,https://www.inaturalist.org/photos/746506062
746504532,train,CC0,sauciepepper,https://www.inaturalist.org/photos/746504532
746504408,test,CC0,sauciepepper,https://www.inaturalist.org/photos/746504408
746504299,train,CC0,keryann,https://www.inaturalist.org/photos/746504299
746501611,test,CC0,kristy218,https://www.inaturalist.org/photos/746501611
746499398,train,CC0,nenp_mrwoodhams,https://www.inaturalist.org/photos/746499398
746489315,test,CC0,steve_mcwilliam,https://www.inaturalist.org/photos/746489315
746489311,train,CC0,steve_mcwilliam,https://www.inaturalist.org/photos/746489311
746489282,train,CC0,steve_mcwilliam,https://www.inaturalist.org/photos/746489282
746489279,train,CC0,steve_mcwilliam,https://www.inaturalist.org/photos/746489279
746489223,train,CC0,steve_mcwilliam,https://www.inaturalist.org/photos/746489223
746489168,train,CC0,steve_mcwilliam,https://www.inaturalist.org/photos/746489168
746489179,train,CC0,steve_mcwilliam,https://www.inaturalist.org/photos/746489179
746489092,train,CC0,steve_mcwilliam,https://www.inaturalist.org/photos/746489092
746489065,test,CC0,steve_mcwilliam,https://www.inaturalist.org/photos/746489065
746489058,train,CC0,steve_mcwilliam,https://www.inaturalist.org/photos/746489058
746489047,test,CC0,steve_mcwilliam,https://www.inaturalist.org/photos/746489047
746489018,test,CC0,steve_mcwilliam,https://www.inaturalist.org/photos/746489018
746489001,train,CC0,steve_mcwilliam,https://www.inaturalist.org/photos/746489001
746488905,train,CC0,steve_mcwilliam,https://www.inaturalist.org/photos/746488905
746488909,train,CC0,steve_mcwilliam,https://www.inaturalist.org/photos/746488909
746488870,train,CC0,steve_mcwilliam,https://www.inaturalist.org/photos/746488870
746488843,train,CC0,steve_mcwilliam,https://www.inaturalist.org/photos/746488843
746488802,train,CC0,steve_mcwilliam,https://www.inaturalist.org/photos/746488802
746488743,train,CC0,steve_mcwilliam,https://www.inaturalist.org/photos/746488743
746497485,test,CC0,kjf1234,https://www.inaturalist.org/photos/746497485
746495874,train,CC0,celinecc,https://www.inaturalist.org/photos/746495874
746487926,train,CC0,celinecc,https://www.inaturalist.org/photos/746487926
746485636,train,CC0,darrkflower,https://www.inaturalist.org/photos/746485636
746485518,train,CC0,darrkflower,https://www.inaturalist.org/photos/746485518
746485391,test,CC0,darrkflower,https://www.inaturalist.org/photos/746485391
746485386,train,CC0,celinecc,https://www.inaturalist.org/photos/746485386
746485171,train,CC0,darrkflower,https://www.inaturalist.org/photos/746485171
746484961,train,CC0,darrkflower,https://www.inaturalist.org/photos/746484961
746484710,train,CC0,darrkflower,https://www.inaturalist.org/photos/746484710
746484516,test,CC0,darrkflower,https://www.inaturalist.org/photos/746484516
746483927,train,CC0,darrkflower,https://www.inaturalist.org/photos/746483927
746483819,train,CC0,darrkflower,https://www.inaturalist.org/photos/746483819
746483746,test,CC0,darrkflower,https://www.inaturalist.org/photos/746483746
746483500,train,CC0,darrkflower,https://www.inaturalist.org/photos/746483500
746483388,train,CC0,darrkflower,https://www.inaturalist.org/photos/746483388
746481453,train,CC0,darrkflower,https://www.inaturalist.org/photos/746481453
746481236,train,CC0,darrkflower,https://www.inaturalist.org/photos/746481236
746481073,test,CC0,darrkflower,https://www.inaturalist.org/photos/746481073
746480952,train,CC0,darrkflower,https://www.inaturalist.org/photos/746480952
746453025,train,CC0,steve_mcwilliam,https://www.inaturalist.org/photos/746453025
746452995,test,CC0,steve_mcwilliam,https://www.inaturalist.org/photos/746452995
746452941,train,CC0,steve_mcwilliam,https://www.inaturalist.org/photos/746452941
746452937,train,CC0,steve_mcwilliam,https://www.inaturalist.org/photos/746452937
746452893,test,CC0,steve_mcwilliam,https://www.inaturalist.org/photos/746452893
746452746,test,CC0,steve_mcwilliam,https://www.inaturalist.org/photos/746452746
746452699,test,CC0,steve_mcwilliam,https://www.inaturalist.org/photos/746452699
746452704,test,CC0,steve_mcwilliam,https://www.inaturalist.org/photos/746452704
746452681,train,CC0,steve_mcwilliam,https://www.inaturalist.org/photos/746452681
746452676,test,CC0,steve_mcwilliam,https://www.inaturalist.org/photos/746452676
746452671,test,CC0,steve_mcwilliam,https://www.inaturalist.org/photos/746452671
746452645,test,CC0,steve_mcwilliam,https://www.inaturalist.org/photos/746452645
746452631,train,CC0,steve_mcwilliam,https://www.inaturalist.org/photos/746452631
746452597,train,CC0,steve_mcwilliam,https://www.inaturalist.org/photos/746452597
746452558,train,CC0,steve_mcwilliam,https://www.inaturalist.org/photos/746452558
746452507,train,CC0,steve_mcwilliam,https://www.inaturalist.org/photos/746452507
746452510,train,CC0,steve_mcwilliam,https://www.inaturalist.org/photos/746452510
746452477,test,CC0,steve_mcwilliam,https://www.inaturalist.org/photos/746452477
746452474,train,CC0,steve_mcwilliam,https://www.inaturalist.org/photos/746452474
746452458,train,CC0,steve_mcwilliam,https://www.inaturalist.org/photos/746452458
746452445,train,CC0,steve_mcwilliam,https://www.inaturalist.org/photos/746452445
746452417,train,CC0,steve_mcwilliam,https://www.inaturalist.org/photos/746452417
746452397,test,CC0,steve_mcwilliam,https://www.inaturalist.org/photos/746452397
746452358,train,CC0,steve_mcwilliam,https://www.inaturalist.org/photos/746452358
746452205,train,CC0,steve_mcwilliam,https://www.inaturalist.org/photos/746452205
746452212,train,CC0,steve_mcwilliam,https://www.inaturalist.org/photos/746452212
746452154,test,CC0,steve_mcwilliam,https://www.inaturalist.org/photos/746452154
746478459,train,CC0,celinecc,https://www.inaturalist.org/photos/746478459
746477266,train,CC0,celinecc,https://www.inaturalist.org/photos/746477266
746476622,test,CC0,celinecc,https://www.inaturalist.org/photos/746476622
746476290,test,CC0,celinecc,https://www.inaturalist.org/photos/746476290
746475892,train,CC0,celinecc,https://www.inaturalist.org/photos/746475892
746474626,train,CC0,darrkflower,https://www.inaturalist.org/photos/746474626
746474494,train,CC0,darrkflower,https://www.inaturalist.org/photos/746474494
746474446,test,CC0,darrkflower,https://www.inaturalist.org/photos/746474446
746473888,train,CC0,darrkflower,https://www.inaturalist.org/photos/746473888
746471744,train,CC0,colinwilson1,https://www.inaturalist.org/photos/746471744
746465418,train,CC0,charlie87854,https://www.inaturalist.org/photos/746465418
746463640,test,CC0,charlie87854,https://www.inaturalist.org/photos/746463640
746462694,train,CC0,a-travva,https://www.inaturalist.org/photos/746462694
746460461,test,CC0,a-travva,https://www.inaturalist.org/photos/746460461
746460423,test,CC0,a-travva,https://www.inaturalist.org/photos/746460423
746459430,test,CC0,a-travva,https://www.inaturalist.org/photos/746459430
746459425,test,CC0,a-travva,https://www.inaturalist.org/photos/746459425
746459426,train,CC0,a-travva,https://www.inaturalist.org/photos/746459426
746458873,train,CC0,a-travva,https://www.inaturalist.org/photos/746458873
746458853,train,CC0,a-travva,https://www.inaturalist.org/photos/746458853
746458798,train,CC0,a-travva,https://www.inaturalist.org/photos/746458798
746457961,train,CC0,a-travva,https://www.inaturalist.org/photos/746457961
746457892,train,CC0,a-travva,https://www.inaturalist.org/photos/746457892
746456877,train,CC0,a-travva,https://www.inaturalist.org/photos/746456877
746456866,train,CC0,a-travva,https://www.inaturalist.org/photos/746456866
746456860,train,CC0,a-travva,https://www.inaturalist.org/photos/746456860
746456775,train,CC0,a-travva,https://www.inaturalist.org/photos/746456775
746456769,train,CC0,a-travva,https://www.inaturalist.org/photos/746456769
746455377,train,CC0,a-travva,https://www.inaturalist.org/photos/746455377
746455361,train,CC0,a-travva,https://www.inaturalist.org/photos/746455361
746455313,test,CC0,a-travva,https://www.inaturalist.org/photos/746455313
746455314,train,CC0,a-travva,https://www.inaturalist.org/photos/746455314
746454976,train,CC0,a-travva,https://www.inaturalist.org/photos/746454976
746438378,train,CC0,steve_mcwilliam,https://www.inaturalist.org/photos/746438378
746438382,train,CC0,steve_mcwilliam,https://www.inaturalist.org/photos/746438382
746438328,test,CC0,steve_mcwilliam,https://www.inaturalist.org/photos/746438328
746438311,test,CC0,steve_mcwilliam,https://www.inaturalist.org/photos/746438311
746438292,train,CC0,steve_mcwilliam,https://www.inaturalist.org/photos/746438292
746438290,train,CC0,steve_mcwilliam,https://www.inaturalist.org/photos/746438290
746438269,train,CC0,steve_mcwilliam,https://www.inaturalist.org/photos/746438269
746438229,train,CC0,steve_mcwilliam,https://www.inaturalist.org/photos/746438229
746438210,train,CC0,steve_mcwilliam,https://www.inaturalist.org/photos/746438210
746438181,train,CC0,steve_mcwilliam,https://www.inaturalist.org/photos/746438181
746438174,train,CC0,steve_mcwilliam,https://www.inaturalist.org/photos/746438174
746437978,test,CC0,steve_mcwilliam,https://www.inaturalist.org/photos/746437978
746437959,train,CC0,steve_mcwilliam,https://www.inaturalist.org/photos/746437959
746437927,train,CC0,steve_mcwilliam,https://www.inaturalist.org/photos/746437927
746437935,train,CC0,steve_mcwilliam,https://www.inaturalist.org/photos/746437935
746437888,train,CC0,steve_mcwilliam,https://www.inaturalist.org/photos/746437888
746437883,train,CC0,steve_mcwilliam,https://www.inaturalist.org/photos/746437883
746437850,train,CC0,steve_mcwilliam,https://www.inaturalist.org/photos/746437850
746437806,test,CC0,steve_mcwilliam,https://www.inaturalist.org/photos/746437806
746437841,test,CC0,steve_mcwilliam,https://www.inaturalist.org/photos/746437841
746437801,train,CC0,steve_mcwilliam,https://www.inaturalist.org/photos/746437801
746437445,test,CC0,steve_mcwilliam,https://www.inaturalist.org/photos/746437445
746437343,test,CC0,steve_mcwilliam,https://www.inaturalist.org/photos/746437343
746445308,train,CC0,ubovich,https://www.inaturalist.org/photos/746445308
746444848,train,CC0,hoylecrew,https://www.inaturalist.org/photos/746444848
746444525,train,CC0,ubovich,https://www.inaturalist.org/photos/746444525
746444932,test,CC0,twig777,https://www.inaturalist.org/photos/746444932
746443660,test,CC0,burgessemma,https://www.inaturalist.org/photos/746443660
746442618,train,CC0,ubovich,https://www.inaturalist.org/photos/746442618
746439534,train,CC0,maxforager,https://www.inaturalist.org/photos/746439534
746436199,train,CC0,happyearthuk,https://www.inaturalist.org/photos/746436199
746449991,train,CC0,david-bennet,https://www.inaturalist.org/photos/746449991
746421278,train,CC0,ubovich,https://www.inaturalist.org/photos/746421278
746503975,train,CC0,keryann,https://www.inaturalist.org/photos/746503975
746414697,test,CC0,olearam,https://www.inaturalist.org/photos/746414697
746411683,train,CC0,olearam,https://www.inaturalist.org/photos/746411683
746410542,train,CC0,olearam,https://www.inaturalist.org/photos/746410542
746405635,test,CC0,jeanpaulboerekamps,https://www.inaturalist.org/photos/746405635
746405187,train,CC0,jeanpaulboerekamps,https://www.inaturalist.org/photos/746405187
746401342,test,CC0,steffen_burkhardt,https://www.inaturalist.org/photos/746401342
746401199,train,CC0,jeanpaulboerekamps,https://www.inaturalist.org/photos/746401199
746401062,train,CC0,jeanpaulboerekamps,https://www.inaturalist.org/photos/746401062
746400924,train,CC0,jeanpaulboerekamps,https://www.inaturalist.org/photos/746400924
746398419,train,CC0,jeanpaulboerekamps,https://www.inaturalist.org/photos/746398419
746397898,train,CC0,jeanpaulboerekamps,https://www.inaturalist.org/photos/746397898
746397274,train,CC0,jeanpaulboerekamps,https://www.inaturalist.org/photos/746397274
746396929,test,CC0,jeanpaulboerekamps,https://www.inaturalist.org/photos/746396929
746396010,train,CC0,jeanpaulboerekamps,https://www.inaturalist.org/photos/746396010
746395221,train,CC0,jeanpaulboerekamps,https://www.inaturalist.org/photos/746395221
746394568,train,CC0,jeanpaulboerekamps,https://www.inaturalist.org/photos/746394568
746394168,train,CC0,jeanpaulboerekamps,https://www.inaturalist.org/photos/746394168
746391217,train,CC0,botaflo,https://www.inaturalist.org/photos/746391217
746391070,train,CC0,botaflo,https://www.inaturalist.org/photos/746391070
746390800,test,CC0,botaflo,https://www.inaturalist.org/photos/746390800
746353718,train,CC0,a-travva,https://www.inaturalist.org/photos/746353718
746353701,train,CC0,a-travva,https://www.inaturalist.org/photos/746353701
746353671,train,CC0,a-travva,https://www.inaturalist.org/photos/746353671
746353646,train,CC0,a-travva,https://www.inaturalist.org/photos/746353646
746353609,train,CC0,a-travva,https://www.inaturalist.org/photos/746353609
746353532,train,CC0,a-travva,https://www.inaturalist.org/photos/746353532
746264074,train,CC0,pilmar,https://www.inaturalist.org/photos/746264074
746263884,train,CC0,pilmar,https://www.inaturalist.org/photos/746263884
746263589,train,CC0,pilmar,https://www.inaturalist.org/photos/746263589
746263209,train,CC0,pilmar,https://www.inaturalist.org/photos/746263209
746242898,train,CC0,bombycilla,https://www.inaturalist.org/photos/746242898
746242840,train,CC0,bombycilla,https://www.inaturalist.org/photos/746242840
746242650,test,CC0,bombycilla,https://www.inaturalist.org/photos/746242650
746242520,train,CC0,bombycilla,https://www.inaturalist.org/photos/746242520
746242423,train,CC0,bombycilla,https://www.inaturalist.org/photos/746242423
746242373,test,CC0,bombycilla,https://www.inaturalist.org/photos/746242373
746242285,test,CC0,bombycilla,https://www.inaturalist.org/photos/746242285
746242171,train,CC0,bombycilla,https://www.inaturalist.org/photos/746242171
746242119,train,CC0,bombycilla,https://www.inaturalist.org/photos/746242119
746241794,train,CC0,bombycilla,https://www.inaturalist.org/photos/746241794
746241720,train,CC0,bombycilla,https://www.inaturalist.org/photos/746241720
746241652,train,CC0,bombycilla,https://www.inaturalist.org/photos/746241652
746230889,train,CC0,bombycilla,https://www.inaturalist.org/photos/746230889
746230745,train,CC0,bombycilla,https://www.inaturalist.org/photos/746230745
746230516,train,CC0,bombycilla,https://www.inaturalist.org/photos/746230516
746230184,train,CC0,bombycilla,https://www.inaturalist.org/photos/746230184
746230113,train,CC0,bombycilla,https://www.inaturalist.org/photos/746230113
746230054,train,CC0,bombycilla,https://www.inaturalist.org/photos/746230054
746229684,train,CC0,bombycilla,https://www.inaturalist.org/photos/746229684
746229635,train,CC0,bombycilla,https://www.inaturalist.org/photos/746229635
746229564,test,CC0,bombycilla,https://www.inaturalist.org/photos/746229564
746229391,train,CC0,bombycilla,https://www.inaturalist.org/photos/746229391
746229317,train,CC0,bombycilla,https://www.inaturalist.org/photos/746229317
746229241,train,CC0,bombycilla,https://www.inaturalist.org/photos/746229241
746189872,test,CC0,northross,https://www.inaturalist.org/photos/746189872
746188510,train,CC0,northross,https://www.inaturalist.org/photos/746188510
746187807,train,CC0,northross,https://www.inaturalist.org/photos/746187807
746184874,train,CC0,northross,https://www.inaturalist.org/photos/746184874
746183070,test,CC0,northross,https://www.inaturalist.org/photos/746183070
746182781,train,CC0,northross,https://www.inaturalist.org/photos/746182781
746182418,train,CC0,northross,https://www.inaturalist.org/photos/746182418
746182223,test,CC0,northross,https://www.inaturalist.org/photos/746182223
746181986,train,CC0,northross,https://www.inaturalist.org/photos/746181986
746181518,train,CC0,northross,https://www.inaturalist.org/photos/746181518
746181648,test,CC0,northross,https://www.inaturalist.org/photos/746181648
746179269,train,CC0,northross,https://www.inaturalist.org/photos/746179269
746171108,train,CC0,steve_mcwilliam,https://www.inaturalist.org/photos/746171108
746157063,train,CC0,steve_mcwilliam,https://www.inaturalist.org/photos/746157063
746157044,train,CC0,steve_mcwilliam,https://www.inaturalist.org/photos/746157044
746156961,test,CC0,steve_mcwilliam,https://www.inaturalist.org/photos/746156961
746156936,train,CC0,steve_mcwilliam,https://www.inaturalist.org/photos/746156936
746156951,train,CC0,steve_mcwilliam,https://www.inaturalist.org/photos/746156951
746156864,train,CC0,steve_mcwilliam,https://www.inaturalist.org/photos/746156864
746156833,train,CC0,steve_mcwilliam,https://www.inaturalist.org/photos/746156833
746156737,train,CC0,steve_mcwilliam,https://www.inaturalist.org/photos/746156737
746156740,train,CC0,steve_mcwilliam,https://www.inaturalist.org/photos/746156740
746156728,train,CC0,steve_mcwilliam,https://www.inaturalist.org/photos/746156728
746156657,train,CC0,steve_mcwilliam,https://www.inaturalist.org/photos/746156657
746156658,train,CC0,steve_mcwilliam,https://www.inaturalist.org/photos/746156658
746156557,train,CC0,steve_mcwilliam,https://www.inaturalist.org/photos/746156557
746156535,train,CC0,steve_mcwilliam,https://www.inaturalist.org/photos/746156535
746156499,test,CC0,steve_mcwilliam,https://www.inaturalist.org/photos/746156499
746156458,train,CC0,steve_mcwilliam,https://www.inaturalist.org/photos/746156458
746156478,test,CC0,steve_mcwilliam,https://www.inaturalist.org/photos/746156478
746156446,train,CC0,steve_mcwilliam,https://www.inaturalist.org/photos/746156446
746156390,train,CC0,steve_mcwilliam,https://www.inaturalist.org/photos/746156390
746156351,train,CC0,steve_mcwilliam,https://www.inaturalist.org/photos/746156351
746156375,train,CC0,steve_mcwilliam,https://www.inaturalist.org/photos/746156375
746156310,train,CC0,steve_mcwilliam,https://www.inaturalist.org/photos/746156310
746156261,train,CC0,steve_mcwilliam,https://www.inaturalist.org/photos/746156261
746156244,train,CC0,steve_mcwilliam,https://www.inaturalist.org/photos/746156244
746156249,train,CC0,steve_mcwilliam,https://www.inaturalist.org/photos/746156249
746156172,train,CC0,steve_mcwilliam,https://www.inaturalist.org/photos/746156172
746156152,train,CC0,steve_mcwilliam,https://www.inaturalist.org/photos/746156152
746156162,test,CC0,steve_mcwilliam,https://www.inaturalist.org/photos/746156162
746156100,train,CC0,steve_mcwilliam,https://www.inaturalist.org/photos/746156100
746156058,test,CC0,steve_mcwilliam,https://www.inaturalist.org/photos/746156058
746156047,train,CC0,steve_mcwilliam,https://www.inaturalist.org/photos/746156047
746156021,test,CC0,steve_mcwilliam,https://www.inaturalist.org/photos/746156021
746155924,train,CC0,steve_mcwilliam,https://www.inaturalist.org/photos/746155924
746155815,train,CC0,steve_mcwilliam,https://www.inaturalist.org/photos/746155815
746155914,test,CC0,steve_mcwilliam,https://www.inaturalist.org/photos/746155914
746154992,train,CC0,steve_mcwilliam,https://www.inaturalist.org/photos/746154992
746154913,test,CC0,steve_mcwilliam,https://www.inaturalist.org/photos/746154913
746165630,train,CC0,sambuckton,https://www.inaturalist.org/photos/746165630
746165585,test,CC0,sambuckton,https://www.inaturalist.org/photos/746165585
746165021,train,CC0,sambuckton,https://www.inaturalist.org/photos/746165021
746164893,train,CC0,sambuckton,https://www.inaturalist.org/photos/746164893
746164863,train,CC0,sambuckton,https://www.inaturalist.org/photos/746164863
746164809,train,CC0,sambuckton,https://www.inaturalist.org/photos/746164809
746164671,train,CC0,sambuckton,https://www.inaturalist.org/photos/746164671
746164634,train,CC0,sambuckton,https://www.inaturalist.org/photos/746164634
746163661,train,CC0,sambuckton,https://www.inaturalist.org/photos/746163661
746163389,train,CC0,sambuckton,https://www.inaturalist.org/photos/746163389
746160880,train,CC0,sambuckton,https://www.inaturalist.org/photos/746160880
746150344,train,CC0,steve_mcwilliam,https://www.inaturalist.org/photos/746150344
746149964,train,CC0,steve_mcwilliam,https://www.inaturalist.org/photos/746149964
746139996,train,CC0,steve_mcwilliam,https://www.inaturalist.org/photos/746139996
746139416,test,CC0,steve_mcwilliam,https://www.inaturalist.org/photos/746139416
746139402,train,CC0,steve_mcwilliam,https://www.inaturalist.org/photos/746139402
746139371,train,CC0,steve_mcwilliam,https://www.inaturalist.org/photos/746139371
746139321,test,CC0,steve_mcwilliam,https://www.inaturalist.org/photos/746139321
746139274,train,CC0,steve_mcwilliam,https://www.inaturalist.org/photos/746139274
746139184,test,CC0,steve_mcwilliam,https://www.inaturalist.org/photos/746139184
746139175,train,CC0,steve_mcwilliam,https://www.inaturalist.org/photos/746139175
746139142,train,CC0,steve_mcwilliam,https://www.inaturalist.org/photos/746139142
746139067,train,CC0,steve_mcwilliam,https://www.inaturalist.org/photos/746139067
746139007,train,CC0,steve_mcwilliam,https://www.inaturalist.org/photos/746139007
746138916,train,CC0,steve_mcwilliam,https://www.inaturalist.org/photos/746138916
746138948,train,CC0,steve_mcwilliam,https://www.inaturalist.org/photos/746138948
746138482,test,CC0,steve_mcwilliam,https://www.inaturalist.org/photos/746138482
746138429,test,CC0,steve_mcwilliam,https://www.inaturalist.org/photos/746138429
746142350,test,CC0,darrkflower,https://www.inaturalist.org/photos/746142350
746141915,test,CC0,darrkflower,https://www.inaturalist.org/photos/746141915
746141792,train,CC0,darrkflower,https://www.inaturalist.org/photos/746141792
746141627,train,CC0,darrkflower,https://www.inaturalist.org/photos/746141627
746141440,train,CC0,darrkflower,https://www.inaturalist.org/photos/746141440
746141268,test,CC0,darrkflower,https://www.inaturalist.org/photos/746141268
746141206,train,CC0,darrkflower,https://www.inaturalist.org/photos/746141206
746140941,train,CC0,darrkflower,https://www.inaturalist.org/photos/746140941
746140752,train,CC0,darrkflower,https://www.inaturalist.org/photos/746140752
746138797,train,CC0,darrkflower,https://www.inaturalist.org/photos/746138797
746138716,train,CC0,darrkflower,https://www.inaturalist.org/photos/746138716
746138588,test,CC0,darrkflower,https://www.inaturalist.org/photos/746138588
746051205,train,CC0,steve_mcwilliam,https://www.inaturalist.org/photos/746051205
746051174,train,CC0,steve_mcwilliam,https://www.inaturalist.org/photos/746051174
746051189,train,CC0,steve_mcwilliam,https://www.inaturalist.org/photos/746051189
746050902,train,CC0,steve_mcwilliam,https://www.inaturalist.org/photos/746050902
746050773,train,CC0,steve_mcwilliam,https://www.inaturalist.org/photos/746050773
746050731,train,CC0,steve_mcwilliam,https://www.inaturalist.org/photos/746050731
746050764,test,CC0,steve_mcwilliam,https://www.inaturalist.org/photos/746050764
746050350,train,CC0,steve_mcwilliam,https://www.inaturalist.org/photos/746050350
746049885,train,CC0,steve_mcwilliam,https://www.inaturalist.org/photos/746049885
746049937,train,CC0,steve_mcwilliam,https://www.inaturalist.org/photos/746049937
746049879,test,CC0,steve_mcwilliam,https://www.inaturalist.org/photos/746049879
746049764,train,CC0,steve_mcwilliam,https://www.inaturalist.org/photos/746049764
746049363,train,CC0,steve_mcwilliam,https://www.inaturalist.org/photos/746049363
746048646,train,CC0,steve_mcwilliam,https://www.inaturalist.org/photos/746048646
746048620,train,CC0,steve_mcwilliam,https://www.inaturalist.org/photos/746048620
746048627,test,CC0,steve_mcwilliam,https://www.inaturalist.org/photos/746048627
746117405,train,CC0,cjoynson,https://www.inaturalist.org/photos/746117405
746091090,train,CC0,bastien14350,https://www.inaturalist.org/photos/746091090
746088528,test,CC0,elizabeth_morris,https://www.inaturalist.org/photos/746088528
746081836,train,CC0,plm43,https://www.inaturalist.org/photos/746081836
746073910,train,CC0,patricklm35,https://www.inaturalist.org/photos/746073910
746069947,train,CC0,patricklm35,https://www.inaturalist.org/photos/746069947
746069939,test,CC0,patricklm35,https://www.inaturalist.org/photos/746069939
746073631,train,CC0,elizabeth_morris,https://www.inaturalist.org/photos/746073631
746069905,train,CC0,patricklm35,https://www.inaturalist.org/photos/746069905
746069688,train,CC0,patricklm35,https://www.inaturalist.org/photos/746069688
746069719,train,CC0,patricklm35,https://www.inaturalist.org/photos/746069719
746069652,train,CC0,patricklm35,https://www.inaturalist.org/photos/746069652
746069585,train,CC0,patricklm35,https://www.inaturalist.org/photos/746069585
746069541,train,CC0,patricklm35,https://www.inaturalist.org/photos/746069541
746069427,test,CC0,patricklm35,https://www.inaturalist.org/photos/746069427
746071819,train,CC0,linum_voluntamagnum,https://www.inaturalist.org/photos/746071819
