taxon_id,latin,class,order,family,obs_count,forced
48484,Harmonia axyridis,Insecta,Coleoptera,Coccinellidae,153305,1
51702,Coccinella septempunctata,Insecta,Coleoptera,Coccinellidae,129873,1
47219,Apis mellifera,Insecta,Hymenoptera,Apidae,114044,1
49133,Vanessa atalanta,Insecta,Lepidoptera,Nymphalidae,103825,1
207977,Aglais io,Insecta,Lepidoptera,Nymphalidae,92237,1
48548,Vanessa cardui,Insecta,Lepidoptera,Nymphalidae,65193,1
54468,Aglais urticae,Insecta,Lepidoptera,Nymphalidae,60817,1
55626,Pieris rapae,Insecta,Lepidoptera,Pieridae,57012,1
62060,Palomena prasina,Insecta,Hemiptera,Pentatomidae,55407,1
57516,Bombus terrestris,Insecta,Hymenoptera,Apidae,54343,1
52402,Cetonia aurata,Insecta,Coleoptera,Scarabaeidae,43521,1
52771,Gonepteryx rhamni,Insecta,Lepidoptera,Pieridae,42462,1
56529,Papilio machaon,Insecta,Lepidoptera,Papilionidae,39095,1
128824,Lucilia sericata,Insecta,Diptera,Calliphoridae,38446,1
67328,Pholcus phalangioides,Arachnida,Araneae,Pholcidae,37498,1
61749,Lucanus cervus,Insecta,Coleoptera,Lucanidae,36402,1
55401,Pieris brassicae,Insecta,Lepidoptera,Pieridae,36306,1
258813,Clogmia albipunctata,Insecta,Diptera,Psychodidae,35253,1
54327,Vespa crabro,Insecta,Hymenoptera,Vespidae,35052,1
99901,Enallagma cyathigerum,Insecta,Odonata,Coenagrionidae,32094,1
366894,Steatoda nobilis,Arachnida,Araneae,Theridiidae,30240,1
82231,Periplaneta americana,Insecta,Blattodea,Blattidae,29078,1
51495,Anthocharis cardamines,Insecta,Lepidoptera,Pieridae,28049,1
120113,Anthrenus verbasci,Insecta,Coleoptera,Dermestidae,27714,1
120156,Musca domestica,Insecta,Diptera,Muscidae,25666,1
119115,Calliphora vicina,Insecta,Diptera,Calliphoridae,24537,1
61997,Steatoda grossa,Arachnida,Araneae,Theridiidae,23364,1
120583,Parasteatoda tepidariorum,Arachnida,Araneae,Theridiidae,22312,1
127777,Vespula vulgaris,Insecta,Hymenoptera,Vespidae,18625,1
1470430,Forficula auricularia,Insecta,Dermaptera,Forficulidae,18166,1
62984,Aedes albopictus,Insecta,Diptera,Culicidae,14277,1
124184,Plodia interpunctella,Insecta,Lepidoptera,Pyralidae,14230,1
121989,Bombus hortorum,Insecta,Hymenoptera,Apidae,10629,1
751174,Eratigena atrica,Arachnida,Araneae,Agelenidae,9660,1
546132,Ctenolepisma longicaudatum,Insecta,Zygentoma,Lepismatidae,9102,1
51671,Ixodes ricinus,Arachnida,Ixodida,Ixodidae,8881,1
418147,Tipula oleracea,Insecta,Diptera,Tipulidae,8459,1
153507,Tegenaria domestica,Arachnida,Araneae,Agelenidae,8330,1
154213,Blatta orientalis,Insecta,Blattodea,Blattidae,7600,1
121237,Blattella germanica,Insecta,Blattodea,Blattellidae,7325,1
122223,Stomoxys calcitrans,Insecta,Diptera,Muscidae,7177,1
55213,Lasius niger,Insecta,Hymenoptera,Formicidae,6315,1
121213,Fannia canicularis,Insecta,Diptera,Fanniidae,5969,1
1445691,Lepisma saccharinum,Insecta,Zygentoma,Lepismatidae,5744,1
119172,Myrmica rubra,Insecta,Hymenoptera,Formicidae,4854,1
53633,Macrosiphum rosae,Insecta,Hemiptera,Aphididae,4701,1
55216,Aphis fabae,Insecta,Hemiptera,Aphididae,4400,1
130032,Culex pipiens,Insecta,Diptera,Culicidae,4215,1
69315,Lasius flavus,Insecta,Hymenoptera,Formicidae,3339,1
232606,Tineola bisselliella,Insecta,Lepidoptera,Tineidae,3334,1
127309,Crioceris asparagi,Insecta,Coleoptera,Chrysomelidae,2736,1
326910,Brevicoryne brassicae,Insecta,Hemiptera,Aphididae,2463,1
231494,Stegobium paniceum,Insecta,Coleoptera,Ptinidae,2153,1
155395,Culiseta annulata,Insecta,Diptera,Culicidae,2045,1
409155,Trialeurodes vaporariorum,Insecta,Hemiptera,Aleyrodidae,1199,1
311218,Ctenocephalides felis,Insecta,Siphonaptera,Pulicidae,1128,1
69658,Cimex lectularius,Insecta,Hemiptera,Cimicidae,1074,1
1265392,Euura ribesii,Insecta,Hymenoptera,Tenthredinidae,1010,1
243745,Myzus persicae,Insecta,Hemiptera,Aphididae,789,1
69320,Monomorium pharaonis,Insecta,Hymenoptera,Formicidae,676,1
67743,Drosophila melanogaster,Insecta,Diptera,Drosophilidae,642,1
52592,Pararge aegeria,Insecta,Lepidoptera,Nymphalidae,105037,0
55641,Polyommatus icarus,Insecta,Lepidoptera,Lycaenidae,90780,0
55653,Maniola jurtina,Insecta,Lepidoptera,Nymphalidae,87022,0
55637,Bombus pascuorum,Insecta,Hymenoptera,Apidae,77304,0
52628,Araneus diadematus,Arachnida,Araneae,Araneidae,71628,0
55610,Pyrrhocoris apterus,Insecta,Hemiptera,Pyrrhocoridae,70520,0
54087,Pieris napi,Insecta,Lepidoptera,Pieridae,63159,0
56225,Polygonia c-album,Insecta,Lepidoptera,Nymphalidae,60446,0
52482,Episyrphus balteatus,Insecta,Diptera,Syrphidae,59311,0
55719,Eristalis tenax,Insecta,Diptera,Syrphidae,55885,0
55655,Lycaena phlaeas,Insecta,Lepidoptera,Lycaenidae,54843,0
81687,Noctua pronuba,Insecta,Lepidoptera,Noctuidae,53841,0
84804,Graphosoma italicum,Insecta,Hemiptera,Pentatomidae,52019,0
52589,Coenonympha pamphilus,Insecta,Lepidoptera,Nymphalidae,50366,0
55787,Pisaura mirabilis,Arachnida,Araneae,Pisauridae,47380,0
318545,Coreus marginatus,Insecta,Hemiptera,Coreidae,47222,0
123628,Argynnis paphia,Insecta,Lepidoptera,Nymphalidae,46663,0
61508,Ischnura elegans,Insecta,Odonata,Coenagrionidae,46132,0
55651,Autographa gamma,Insecta,Lepidoptera,Noctuidae,44654,0
68328,Oxythyrea funesta,Insecta,Coleoptera,Scarabaeidae,44416,0
53905,Mantis religiosa,Insecta,Mantodea,Mantidae,43547,0
62456,Rhagonycha fulva,Insecta,Coleoptera,Cantharidae,43116,0
55625,Sympetrum striolatum,Insecta,Odonata,Libellulidae,42837,0
133250,Tettigonia viridissima,Insecta,Orthoptera,Tettigoniidae,42125,0
130398,Melanargia galathea,Insecta,Lepidoptera,Nymphalidae,39302,0
61781,Ochlodes sylvanus,Insecta,Lepidoptera,Hesperiidae,38594,0
50867,Argiope bruennichi,Arachnida,Araneae,Araneidae,38065,0
51678,Coenagrion puella,Insecta,Odonata,Coenagrionidae,37890,0
125655,Anoplotrupes stercorosus,Insecta,Coleoptera,Geotrupidae,37459,0
55640,Celastrina argiolus,Insecta,Lepidoptera,Lycaenidae,37262,0
51666,Dolycoris baccarum,Insecta,Hemiptera,Pentatomidae,36851,0
62067,Orthetrum cancellatum,Insecta,Odonata,Libellulidae,36641,0
51275,Pentatoma rufipes,Insecta,Hemiptera,Pentatomidae,36240,0
56293,Macroglossum stellatarum,Insecta,Lepidoptera,Sphingidae,34992,0
109650,Platycnemis pennipes,Insecta,Odonata,Platycnemididae,34869,0
62429,Pyronia tithonus,Insecta,Lepidoptera,Nymphalidae,34413,0
62426,Aphantopus hyperantus,Insecta,Lepidoptera,Nymphalidae,34282,0
83459,Peribatodes rhomboidaria,Insecta,Lepidoptera,Geometridae,34169,0
113525,Sympetrum sanguineum,Insecta,Odonata,Libellulidae,34005,0
123920,Dorcus parallelipipedus,Insecta,Coleoptera,Lucanidae,33677,0
147298,Lasiommata megera,Insecta,Lepidoptera,Nymphalidae,33653,0
57619,Bombus lapidarius,Insecta,Hymenoptera,Apidae,33082,0
51824,Calopteryx splendens,Insecta,Odonata,Calopterygidae,32703,0
81923,Halyomorpha halys,Insecta,Hemiptera,Pentatomidae,31632,0
141725,Nezara viridula,Insecta,Hemiptera,Pentatomidae,31552,0
55746,Misumena vatia,Arachnida,Araneae,Thomisidae,31425,0
118936,Euplagia quadripunctaria,Insecta,Lepidoptera,Erebidae,31187,0
55359,Pholidoptera griseoaptera,Insecta,Orthoptera,Tettigoniidae,29509,0
61844,Oedemera nobilis,Insecta,Coleoptera,Oedemeridae,29409,0
84640,Polistes dominula,Insecta,Hymenoptera,Vespidae,29016,0
61532,Propylea quatuordecimpunctata,Insecta,Coleoptera,Coccinellidae,28191,0
61536,Calopteryx virgo,Insecta,Odonata,Calopterygidae,28136,0
55643,Araschnia levana,Insecta,Lepidoptera,Nymphalidae,27992,0
325295,Cydalima perspectalis,Insecta,Lepidoptera,Crambidae,27603,0
52490,Eristalis pertinax,Insecta,Diptera,Syrphidae,26980,0
51781,Tyria jacobaeae,Insecta,Lepidoptera,Erebidae,26734,0
70211,Myathropa florea,Insecta,Diptera,Syrphidae,26631,0
123658,Idaea aversata,Insecta,Lepidoptera,Geometridae,26544,0
132887,Agrotis exclamationis,Insecta,Lepidoptera,Noctuidae,26125,0
62766,Issoria lathonia,Insecta,Lepidoptera,Nymphalidae,26116,0
61972,Camptogramma bilineata,Insecta,Lepidoptera,Geometridae,25875,0
501625,Pseudochorthippus parallelus,Insecta,Orthoptera,Acrididae,25811,0
62749,Iphiclides podalirius,Insecta,Lepidoptera,Papilionidae,25184,0
127506,Macrothylacia rubi,Insecta,Lepidoptera,Lasiocampidae,25003,0
143294,Colias crocea,Insecta,Lepidoptera,Pieridae,24814,0
127308,Chorthippus brunneus,Insecta,Orthoptera,Acrididae,24204,0
51660,Psyllobora vigintiduopunctata,Insecta,Coleoptera,Coccinellidae,24144,0
124910,Bombus pratorum,Insecta,Hymenoptera,Apidae,23714,0
62083,Zygaena filipendulae,Insecta,Lepidoptera,Zygaenidae,23626,0
61152,Pyrrhosoma nymphula,Insecta,Odonata,Coenagrionidae,23187,0
326052,Oedipoda caerulescens,Insecta,Orthoptera,Acrididae,23173,0
52486,Helophilus pendulus,Insecta,Diptera,Syrphidae,22741,0
55623,Acronicta rumicis,Insecta,Lepidoptera,Noctuidae,22673,0
143114,Phragmatobia fuliginosa,Insecta,Lepidoptera,Erebidae,22529,0
132892,Anacridium aegyptium,Insecta,Orthoptera,Acrididae,21699,0
84644,Phalangium opilio,Arachnida,Opiliones,Phalangiidae,21685,0
354801,Ematurga atomaria,Insecta,Lepidoptera,Geometridae,21575,0
203342,Xestia c-nigrum,Insecta,Lepidoptera,Noctuidae,21475,0
210933,Agelastica alni,Insecta,Coleoptera,Chrysomelidae,21432,0
52519,Aeshna cyanea,Insecta,Odonata,Aeshnidae,20962,0
67771,Leptoglossus occidentalis,Insecta,Hemiptera,Coreidae,20787,0
52964,Sphaerophoria scripta,Insecta,Diptera,Syrphidae,20771,0
130188,Chrysoteuchia culmella,Insecta,Lepidoptera,Crambidae,20630,0
130092,Nuctenea umbratica,Arachnida,Araneae,Araneidae,20357,0
85030,Crocothemis erythraea,Insecta,Odonata,Libellulidae,20318,0
48162,Xestia xanthographa,Insecta,Lepidoptera,Noctuidae,20269,0
62321,Rutpela maculata,Insecta,Coleoptera,Cerambycidae,20005,0
125494,Aricia agestis,Insecta,Lepidoptera,Lycaenidae,19823,0
124095,Chiasmia clathrata,Insecta,Lepidoptera,Geometridae,19492,0
311619,Gymnoscelis rufifasciata,Insecta,Lepidoptera,Geometridae,19367,0
127618,Epirrhoe alternata,Insecta,Lepidoptera,Geometridae,19358,0
68901,Salticus scenicus,Arachnida,Araneae,Salticidae,19260,0
61862,Cercopis vulnerata,Insecta,Hemiptera,Cercopidae,19158,0
113507,Sympetrum fonscolombii,Insecta,Odonata,Libellulidae,19129,0
131035,Leptophyes punctatissima,Insecta,Orthoptera,Tettigoniidae,18986,0
127431,Emmelina monodactyla,Insecta,Lepidoptera,Pterophoridae,18821,0
53258,Stictoleptura rubra,Insecta,Coleoptera,Cerambycidae,18681,0
61803,Bombus hypnorum,Insecta,Hymenoptera,Apidae,18488,0
51557,Bombylius major,Insecta,Diptera,Bombyliidae,18475,0
126155,Vespula germanica,Insecta,Hymenoptera,Vespidae,18440,0
56582,Lasiocampa quercus,Insecta,Lepidoptera,Lasiocampidae,18396,0
343983,Volucella zonaria,Insecta,Diptera,Syrphidae,18250,0
461806,Triodia sylvina,Insecta,Lepidoptera,Hepialidae,18206,0
47802,Lymantria dispar,Insecta,Lepidoptera,Erebidae,18080,0
527576,Opilio canestrinii,Arachnida,Opiliones,Phalangiidae,18006,0
205294,Calliteara pudibunda,Insecta,Lepidoptera,Erebidae,18003,0
55996,Deilephila elpenor,Insecta,Lepidoptera,Sphingidae,17969,0
57443,Libellula quadrimaculata,Insecta,Odonata,Libellulidae,17957,0
563098,Libellula depressa,Insecta,Odonata,Libellulidae,17717,0
205320,Diplolepis rosae,Insecta,Hymenoptera,Diplolepididae,17599,0
142936,Rhaphigaster nebulosa,Insecta,Hemiptera,Pentatomidae,17501,0
127112,Zoropsis spinimana,Arachnida,Araneae,Zoropsidae,17366,0
125012,Euthrix potatoria,Insecta,Lepidoptera,Lasiocampidae,17196,0
52506,Adalia bipunctata,Insecta,Coleoptera,Coccinellidae,17009,0
245656,Synema globosum,Arachnida,Araneae,Thomisidae,16941,0
322983,Idaea seriata,Insecta,Lepidoptera,Geometridae,16938,0
124740,Pyrausta despicata,Insecta,Lepidoptera,Crambidae,16849,0
132070,Phaneroptera nana,Insecta,Orthoptera,Tettigoniidae,16849,0
337544,Cantharis rustica,Insecta,Coleoptera,Cantharidae,16781,0
205971,Syricoris lacunana,Insecta,Lepidoptera,Tortricidae,16674,0
56189,Philaenus spumarius,Insecta,Hemiptera,Aphrophoridae,16272,0
154654,Lycaena tityrus,Insecta,Lepidoptera,Lycaenidae,16223,0
205753,Apamea monoglypha,Insecta,Lepidoptera,Noctuidae,16191,0
132888,Euclidia glyphica,Insecta,Lepidoptera,Erebidae,16102,0
132718,Scathophaga stercoraria,Insecta,Diptera,Scathophagidae,16055,0
48197,Melolontha melolontha,Insecta,Coleoptera,Scarabaeidae,15707,0
124027,Nomophila noctuella,Insecta,Lepidoptera,Crambidae,15643,0
560710,Patania ruralis,Insecta,Lepidoptera,Crambidae,15497,0
81653,Spilosoma lubricipeda,Insecta,Lepidoptera,Erebidae,15446,0
52480,Volucella pellucens,Insecta,Diptera,Syrphidae,15410,0
57484,Plebejus argus,Insecta,Lepidoptera,Lycaenidae,15119,0
60896,Callophrys rubi,Insecta,Lepidoptera,Lycaenidae,15092,0
205154,Endotricha flammealis,Insecta,Lepidoptera,Pyralidae,15058,0
133295,Melitaea didyma,Insecta,Lepidoptera,Nymphalidae,15028,0
83806,Helicoverpa armigera,Insecta,Lepidoptera,Noctuidae,14899,0
55361,Phalera bucephala,Insecta,Lepidoptera,Notodontidae,14870,0
124488,Chalcolestes viridis,Insecta,Odonata,Lestidae,14866,0
128544,Thymelicus sylvestris,Insecta,Lepidoptera,Hesperiidae,14850,0
205151,Phlogophora meticulosa,Insecta,Lepidoptera,Noctuidae,14796,0
52436,Stenurella melanura,Insecta,Coleoptera,Cerambycidae,14765,0
82774,Oryctes nasicornis,Insecta,Coleoptera,Scarabaeidae,14640,0
59588,Opisthograptis luteolata,Insecta,Lepidoptera,Geometridae,14486,0
154576,Polyommatus bellargus,Insecta,Lepidoptera,Lycaenidae,14311,0
94043,Anax imperator,Insecta,Odonata,Aeshnidae,14278,0
57489,Amata phegea,Insecta,Lepidoptera,Erebidae,14231,0
451784,Deraeocoris ruber,Insecta,Hemiptera,Miridae,14088,0
109983,Polyommatus coridon,Insecta,Lepidoptera,Lycaenidae,13999,0
51662,Phyllopertha horticola,Insecta,Coleoptera,Scarabaeidae,13847,0
55658,Pyrausta aurata,Insecta,Lepidoptera,Crambidae,13782,0
325341,Rivula sericealis,Insecta,Lepidoptera,Erebidae,13777,0
132885,Timandra comae,Insecta,Lepidoptera,Geometridae,13765,0
147332,Carpocoris purpureipennis,Insecta,Hemiptera,Pentatomidae,13755,0
415589,Halictus scabiosae,Insecta,Hymenoptera,Halictidae,13723,0
320763,Hoplodrina ambigua,Insecta,Lepidoptera,Noctuidae,13713,0
119019,Vespa velutina,Insecta,Hymenoptera,Vespidae,13575,0
205187,Noctua comes,Insecta,Lepidoptera,Noctuidae,13471,0
324010,Ochropleura plecta,Insecta,Lepidoptera,Noctuidae,13433,0
107954,Orthetrum coerulescens,Insecta,Odonata,Libellulidae,13393,0
126765,Plutella xylostella,Insecta,Lepidoptera,Plutellidae,13354,0
130143,Cicindela campestris,Insecta,Coleoptera,Cicindelidae,13271,0
61517,Pyrochroa serraticornis,Insecta,Coleoptera,Pyrochroidae,13096,0
324921,Agrotis puta,Insecta,Lepidoptera,Noctuidae,13042,0
124145,Xylocopa violacea,Insecta,Hymenoptera,Apidae,13020,0
132657,Sympetrum vulgatum,Insecta,Odonata,Libellulidae,12986,0
70192,Eurydema oleracea,Insecta,Hemiptera,Pentatomidae,12927,0
59281,Thomisus onustus,Arachnida,Araneae,Thomisidae,12815,0
244655,Orthosia cerasi,Insecta,Lepidoptera,Noctuidae,12777,0
335611,Campaea margaritaria,Insecta,Lepidoptera,Geometridae,12725,0
325426,Agriphila tristella,Insecta,Lepidoptera,Crambidae,12703,0
58484,Thymelicus lineola,Insecta,Lepidoptera,Hesperiidae,12691,0
84455,Agrotis segetum,Insecta,Lepidoptera,Noctuidae,12685,0
458944,Roeseliana roeselii,Insecta,Orthoptera,Tettigoniidae,12676,0
876599,Osmia bicornis,Insecta,Hymenoptera,Megachilidae,12551,0
210605,Orthosia gothica,Insecta,Lepidoptera,Noctuidae,12474,0
69190,Eupeodes corollae,Insecta,Diptera,Syrphidae,12439,0
81979,Syritta pipiens,Insecta,Diptera,Syrphidae,12427,0
243705,Xanthorhoe fluctuata,Insecta,Lepidoptera,Geometridae,12386,0
319548,Mangora acalypha,Arachnida,Araneae,Araneidae,12381,0
71248,Gryllus campestris,Insecta,Orthoptera,Gryllidae,12328,0
60780,Operophtera brumata,Insecta,Lepidoptera,Geometridae,12297,0
324630,Yponomeuta evonymella,Insecta,Lepidoptera,Yponomeutidae,12275,0
146723,Marpissa muscosa,Arachnida,Araneae,Salticidae,12246,0
51707,Corizus hyoscyami,Insecta,Hemiptera,Rhopalidae,12210,0
326598,Chloromyia formosa,Insecta,Diptera,Stratiomyidae,12138,0
61295,Aporia crataegi,Insecta,Lepidoptera,Pieridae,12097,0
202239,Hypena proboscidalis,Insecta,Lepidoptera,Erebidae,12071,0
51149,Acanthosoma haemorrhoidale,Insecta,Hemiptera,Acanthosomatidae,12005,0
320878,Mythimna albipuncta,Insecta,Lepidoptera,Noctuidae,11972,0
362611,Cossus cossus,Insecta,Lepidoptera,Cossidae,11972,0
116380,Rhodometra sacraria,Insecta,Lepidoptera,Geometridae,11930,0
52881,Halyzia sedecimguttata,Insecta,Coleoptera,Coccinellidae,11915,0
55598,Neuroterus quercusbaccarum,Insecta,Hymenoptera,Cynipidae,11881,0
55048,Trichodes apiarius,Insecta,Coleoptera,Cleridae,11766,0
93437,Aeshna mixta,Insecta,Odonata,Aeshnidae,11683,0
61910,Orgyia antiqua,Insecta,Lepidoptera,Erebidae,11678,0
147078,Lycaena virgaureae,Insecta,Lepidoptera,Lycaenidae,11676,0
324093,Lagria hirta,Insecta,Coleoptera,Tenebrionidae,11496,0
261586,Kleidocerys resedae,Insecta,Hemiptera,Lygaeidae,11437,0
56096,Bibio marci,Insecta,Diptera,Bibionidae,11409,0
130414,Adalia decempunctata,Insecta,Coleoptera,Coccinellidae,11380,0
52406,Agrypnus murinus,Insecta,Coleoptera,Elateridae,11369,0
157990,Menemerus semilimbatus,Arachnida,Araneae,Salticidae,11350,0
324138,Eudonia mercurella,Insecta,Lepidoptera,Crambidae,11348,0
154388,Mimas tiliae,Insecta,Lepidoptera,Sphingidae,11330,0
53869,Ocypus olens,Insecta,Coleoptera,Staphylinidae,11286,0
132875,Melitaea athalia,Insecta,Lepidoptera,Nymphalidae,11218,0
57495,Melitaea cinxia,Insecta,Lepidoptera,Nymphalidae,11183,0
338209,Emmelia trabealis,Insecta,Lepidoptera,Noctuidae,11162,0
124542,Anthophora plumipes,Insecta,Hymenoptera,Apidae,11073,0
126630,Osmia cornuta,Insecta,Hymenoptera,Megachilidae,10990,0
320786,Eristalis arbustorum,Insecta,Diptera,Syrphidae,10940,0
416809,Chrysomela populi,Insecta,Coleoptera,Chrysomelidae,10938,0
131846,Libellula fulva,Insecta,Odonata,Libellulidae,10938,0
334385,Brintesia circe,Insecta,Lepidoptera,Nymphalidae,10900,0
147950,Decticus verrucivorus,Insecta,Orthoptera,Tettigoniidae,10897,0
335065,Tyta luctuosa,Insecta,Lepidoptera,Noctuidae,10878,0
61856,Bombus lucorum,Insecta,Hymenoptera,Apidae,10858,0
125815,Coenonympha arcania,Insecta,Lepidoptera,Nymphalidae,10844,0
143034,Hippodamia variegata,Insecta,Coleoptera,Coccinellidae,10827,0
450926,Idaea rusticata,Insecta,Lepidoptera,Geometridae,10817,0
142779,Agriphila straminella,Insecta,Lepidoptera,Crambidae,10761,0
62331,Laothoe populi,Insecta,Lepidoptera,Sphingidae,10752,0
207524,Lomaspilis marginata,Insecta,Lepidoptera,Geometridae,10743,0
52447,Cicadella viridis,Insecta,Hemiptera,Cicadellidae,10737,0
52591,Tachina fera,Insecta,Diptera,Tachinidae,10719,0
338214,Valgus hemipterus,Insecta,Coleoptera,Scarabaeidae,10688,0
335848,Erannis defoliaria,Insecta,Lepidoptera,Geometridae,10666,0
204781,Gonocerus acuteangulatus,Insecta,Hemiptera,Coreidae,10585,0
124540,Clytus arietis,Insecta,Coleoptera,Cerambycidae,10574,0
326871,Hogna radiata,Arachnida,Araneae,Lycosidae,10529,0
126088,Cameraria ohridella,Insecta,Lepidoptera,Gracillariidae,10428,0
123629,Lasiommata maera,Insecta,Lepidoptera,Nymphalidae,10422,0
324928,Udea ferrugalis,Insecta,Lepidoptera,Crambidae,10399,0
119642,Cynips quercusfolii,Insecta,Hymenoptera,Cynipidae,10386,0
322129,Lacanobia oleracea,Insecta,Lepidoptera,Noctuidae,10343,0
1456607,Argynnis aglaja,Insecta,Lepidoptera,Nymphalidae,10331,0
362291,Meconema meridionale,Insecta,Orthoptera,Tettigoniidae,10312,0
451915,Amphimallon solstitiale,Insecta,Coleoptera,Scarabaeidae,10288,0
61293,Thaumetopoea pityocampa,Insecta,Lepidoptera,Notodontidae,10280,0
129572,Aphomia sociella,Insecta,Lepidoptera,Pyralidae,10215,0
143617,Lampyris noctiluca,Insecta,Coleoptera,Lampyridae,10199,0
61449,Cantharis fusca,Insecta,Coleoptera,Cantharidae,10116,0
1474321,Fasta fastuosa,Insecta,Coleoptera,Chrysomelidae,10082,0
322024,Apatura ilia,Insecta,Lepidoptera,Nymphalidae,9991,0
133434,Erynnis tages,Insecta,Lepidoptera,Hesperiidae,9961,0
55638,Anania hortulata,Insecta,Lepidoptera,Crambidae,9950,0
51680,Pyrochroa coccinea,Insecta,Coleoptera,Pyrochroidae,9929,0
119934,Epiphyas postvittana,Insecta,Lepidoptera,Tortricidae,9907,0
327154,Carpocoris mediterraneus,Insecta,Hemiptera,Pentatomidae,9899,0
68330,Arctia caja,Insecta,Lepidoptera,Erebidae,9891,0
69203,Calvia quatuordecimguttata,Insecta,Coleoptera,Coccinellidae,9871,0
362281,Phosphuga atrata,Insecta,Coleoptera,Staphylinidae,9794,0
357480,Tropinota hirta,Insecta,Coleoptera,Scarabaeidae,9776,0
325871,Carcharodus alceae,Insecta,Lepidoptera,Hesperiidae,9771,0
360302,Hoplodrina octogenaria,Insecta,Lepidoptera,Noctuidae,9746,0
461937,Amphipyra pyramidea,Insecta,Lepidoptera,Noctuidae,9728,0
125312,Callimorpha dominula,Insecta,Lepidoptera,Erebidae,9727,0
360830,Carabus coriaceus,Insecta,Coleoptera,Carabidae,9715,0
124031,Agrius convolvuli,Insecta,Lepidoptera,Sphingidae,9699,0
320063,Hypomecis punctinalis,Insecta,Lepidoptera,Geometridae,9688,0
464211,Calliptamus italicus,Insecta,Orthoptera,Acrididae,9683,0
207956,Euphydryas aurinia,Insecta,Lepidoptera,Nymphalidae,9671,0
131031,Scolia hirta,Insecta,Hymenoptera,Scoliidae,9629,0
132069,Eurydema ornata,Insecta,Hemiptera,Pentatomidae,9618,0
362182,Lithosia quadra,Insecta,Lepidoptera,Erebidae,9582,0
113497,Sympecma fusca,Insecta,Odonata,Lestidae,9578,0
51699,Panorpa communis,Insecta,Mecoptera,Panorpidae,9557,0
429178,Luperina testacea,Insecta,Lepidoptera,Noctuidae,9513,0
326851,Panorpa germanica,Insecta,Mecoptera,Panorpidae,9446,0
155279,Zygiella x-notata,Arachnida,Araneae,Phonognathidae,9439,0
318537,Idaea degeneraria,Insecta,Lepidoptera,Geometridae,9437,0
209660,Chrysolina americana,Insecta,Coleoptera,Chrysomelidae,9364,0
633860,Hierodula transcaucasica,Insecta,Mantodea,Mantidae,9313,0
460511,Synaphe punctalis,Insecta,Lepidoptera,Pyralidae,9305,0
450664,Phyllobius pomaceus,Insecta,Coleoptera,Curculionidae,9291,0
360024,Protaetia cuprea,Insecta,Coleoptera,Scarabaeidae,9273,0
209691,Leptotes pirithous,Insecta,Lepidoptera,Lycaenidae,9241,0
324401,Oncocera semirubella,Insecta,Lepidoptera,Pyralidae,9224,0
141761,Issus coleoptratus,Insecta,Hemiptera,Issidae,9218,0
320288,Cantharis livida,Insecta,Coleoptera,Cantharidae,9202,0
356188,Mythimna pallens,Insecta,Lepidoptera,Noctuidae,9122,0
69202,Andrena haemorrhoa,Insecta,Hymenoptera,Andrenidae,9100,0
102800,Hipparchia semele,Insecta,Lepidoptera,Nymphalidae,9096,0
326884,Aelia acuminata,Insecta,Hemiptera,Pentatomidae,9008,0
473189,Chorthippus dorsatus,Insecta,Orthoptera,Acrididae,8988,0
319872,Eriophyes tiliae,Arachnida,Sarcoptiformes,Eriophyidae,8983,0
461172,Empis tessellata,Insecta,Diptera,Empididae,8974,0
324215,Cosmia trapezina,Insecta,Lepidoptera,Noctuidae,8885,0
82109,Meloe proscarabaeus,Insecta,Coleoptera,Meloidae,8883,0
321979,Anthophila fabriciana,Insecta,Lepidoptera,Choreutidae,8869,0
129570,Hofmannophila pseudospretella,Insecta,Lepidoptera,Oecophoridae,8842,0
342899,Crematogaster scutellaris,Insecta,Hymenoptera,Formicidae,8840,0
68354,Melitaea phoebe,Insecta,Lepidoptera,Nymphalidae,8833,0
324890,Alcis repandata,Insecta,Lepidoptera,Geometridae,8756,0
199870,Pyralis farinalis,Insecta,Lepidoptera,Pyralidae,8752,0
208111,Coenagrion pulchellum,Insecta,Odonata,Coenagrionidae,8747,0
55600,Andricus kollari,Insecta,Hymenoptera,Cynipidae,8727,0
337446,Colocasia coryli,Insecta,Lepidoptera,Noctuidae,8726,0
61917,Tipula paludosa,Insecta,Diptera,Tipulidae,8723,0
61855,Spilosoma lutea,Insecta,Lepidoptera,Erebidae,8712,0
494559,Polydrusus formosus,Insecta,Coleoptera,Curculionidae,8688,0
341679,Pseudopanthera macularia,Insecta,Lepidoptera,Geometridae,8647,0
70128,Sphinx pinastri,Insecta,Lepidoptera,Sphingidae,8636,0
320071,Craniophora ligustri,Insecta,Lepidoptera,Noctuidae,8617,0
472829,Trypocopris vernalis,Insecta,Coleoptera,Geotrupidae,8601,0
141731,Rhyparochromus vulgaris,Insecta,Hemiptera,Rhyparochromidae,8597,0
130304,Agelena labyrinthica,Arachnida,Araneae,Agelenidae,8583,0
336697,Arctia villica,Insecta,Lepidoptera,Erebidae,8575,0
123661,Clytra laeviuscula,Insecta,Coleoptera,Chrysomelidae,8544,0
603136,Deltote pygarga,Insecta,Lepidoptera,Noctuidae,8504,0
324707,Noctua fimbriata,Insecta,Lepidoptera,Noctuidae,8488,0
319828,Anyphaena accentuata,Arachnida,Araneae,Anyphaenidae,8475,0
447128,Liocoris tripustulatus,Insecta,Hemiptera,Miridae,8473,0
143529,Philanthus triangulum,Insecta,Hymenoptera,Crabronidae,8445,0
325731,Leptura quadrifasciata,Insecta,Coleoptera,Cerambycidae,8438,0
121779,Agalenatea redii,Arachnida,Araneae,Araneidae,8434,0
56552,Carabus nemoralis,Insecta,Coleoptera,Carabidae,8434,0
55783,Trichius fasciatus,Insecta,Coleoptera,Scarabaeidae,8433,0
62439,Cyaniris semiargus,Insecta,Lepidoptera,Lycaenidae,8431,0
354804,Eilema lurideola,Insecta,Lepidoptera,Erebidae,8425,0
321904,Leptopterna dolabrata,Insecta,Hemiptera,Miridae,8375,0
132663,Onychogomphus forcipatus,Insecta,Odonata,Gomphidae,8367,0
59146,Everes argiades,Insecta,Lepidoptera,Lycaenidae,8363,0
146721,Philaeus chrysops,Arachnida,Araneae,Salticidae,8335,0
155030,Limenitis reducta,Insecta,Lepidoptera,Nymphalidae,8333,0
326491,Malachius bipustulatus,Insecta,Coleoptera,Melyridae,8323,0
69629,Phytomyza ilicis,Insecta,Diptera,Agromyzidae,8299,0
424241,Eilema caniola,Insecta,Lepidoptera,Erebidae,8234,0
231425,Spodoptera exigua,Insecta,Lepidoptera,Noctuidae,8222,0
213962,Aphrophora alni,Insecta,Hemiptera,Aphrophoridae,8216,0
70400,Andrena cineraria,Insecta,Hymenoptera,Andrenidae,8190,0
153105,Limenitis camilla,Insecta,Lepidoptera,Nymphalidae,8188,0
324088,Nymphalis polychloros,Insecta,Lepidoptera,Nymphalidae,8186,0
143009,Ectropis crepuscularia,Insecta,Lepidoptera,Geometridae,8158,0
337907,Galeruca tanaceti,Insecta,Coleoptera,Chrysomelidae,8157,0
194786,Merodon equestris,Insecta,Diptera,Syrphidae,8144,0
84778,Leptinotarsa decemlineata,Insecta,Coleoptera,Chrysomelidae,8114,0
130622,Athous haemorrhoidalis,Insecta,Coleoptera,Elateridae,8098,0
130408,Lestes sponsa,Insecta,Odonata,Lestidae,8097,0
333530,Pezotettix giornae,Insecta,Orthoptera,Acrididae,8072,0
121782,Araneus quadratus,Arachnida,Araneae,Araneidae,8066,0
243961,Cicada orni,Insecta,Hemiptera,Cicadidae,8052,0
56832,Nymphalis antiopa,Insecta,Lepidoptera,Nymphalidae,8052,0
52438,Agapanthia villosoviridescens,Insecta,Coleoptera,Cerambycidae,8033,0
81579,Steatoda triangulosa,Arachnida,Araneae,Theridiidae,8022,0
244656,Orthosia incerta,Insecta,Lepidoptera,Noctuidae,7937,0
119664,Cacyreus marshalli,Insecta,Lepidoptera,Lycaenidae,7934,0
129385,Aromia moschata,Insecta,Coleoptera,Cerambycidae,7912,0
538959,Larinioides sclopetarius,Arachnida,Araneae,Araneidae,7910,0
446693,Prionus coriarius,Insecta,Coleoptera,Cerambycidae,7891,0
322128,Axylia putris,Insecta,Lepidoptera,Noctuidae,7835,0
52160,Scaeva pyrastri,Insecta,Diptera,Syrphidae,7833,0
362775,Lygus pratensis,Insecta,Hemiptera,Miridae,7801,0
354737,Malacosoma neustria,Insecta,Lepidoptera,Lasiocampidae,7798,0
60579,Andrena fulva,Insecta,Hymenoptera,Andrenidae,7797,0
209661,Oxycarenus lavaterae,Insecta,Hemiptera,Oxycarenidae,7797,0
357406,Aiolopus strepens,Insecta,Orthoptera,Acrididae,7784,0
326454,Erebia aethiops,Insecta,Lepidoptera,Nymphalidae,7774,0
123579,Panorpa vulgaris,Insecta,Mecoptera,Panorpidae,7729,0
143432,Ligdia adustata,Insecta,Lepidoptera,Geometridae,7727,0
357982,Boloria dia,Insecta,Lepidoptera,Nymphalidae,7725,0
70105,Argynnis adippe,Insecta,Lepidoptera,Nymphalidae,7692,0
479402,Thalpophila matura,Insecta,Lepidoptera,Noctuidae,7647,0
244644,Mikiola fagi,Insecta,Diptera,Cecidomyiidae,7633,0
131985,Tytthaspis sedecimpunctata,Insecta,Coleoptera,Coccinellidae,7622,0
84508,Adelphocoris lineolatus,Insecta,Hemiptera,Miridae,7602,0
124150,Lasius fuliginosus,Insecta,Hymenoptera,Formicidae,7594,0
318965,Chrysolina bankii,Insecta,Coleoptera,Chrysomelidae,7588,0
113503,Sympetrum danae,Insecta,Odonata,Libellulidae,7578,0
218844,Dysstroma truncata,Insecta,Lepidoptera,Geometridae,7568,0
123815,Gonepteryx cleopatra,Insecta,Lepidoptera,Pieridae,7538,0
325738,Scotopteryx chenopodiata,Insecta,Lepidoptera,Geometridae,7529,0
324354,Pseudovadonia livida,Insecta,Coleoptera,Cerambycidae,7516,0
129485,Pterophorus pentadactyla,Insecta,Lepidoptera,Pterophoridae,7495,0
130079,Spilostethus pandurus,Insecta,Hemiptera,Lygaeidae,7451,0
243968,Exochomus quadripustulatus,Insecta,Coleoptera,Coccinellidae,7443,0
473043,Oedemera podagrariae,Insecta,Coleoptera,Oedemeridae,7430,0
70071,Hyles euphorbiae,Insecta,Lepidoptera,Sphingidae,7425,0
213535,Anarta trifolii,Insecta,Lepidoptera,Noctuidae,7401,0
337499,Sympetrum meridionale,Insecta,Odonata,Libellulidae,7393,0
114463,Trithemis annulata,Insecta,Odonata,Libellulidae,7337,0
56203,Adela reaumurella,Insecta,Lepidoptera,Adelidae,7313,0
131099,Harpalus rufipes,Insecta,Coleoptera,Carabidae,7312,0
224214,Lymantria monacha,Insecta,Lepidoptera,Erebidae,7310,0
488349,Rilaena triangularis,Arachnida,Opiliones,Phalangiidae,7268,0
363486,Miltochrista miniata,Insecta,Lepidoptera,Erebidae,7250,0
129126,Cupido minimus,Insecta,Lepidoptera,Lycaenidae,7227,0
325591,Mesoligia furuncula,Insecta,Lepidoptera,Noctuidae,7214,0
319711,Charanyca trigrammica,Insecta,Lepidoptera,Noctuidae,7213,0
202083,Deilephila porcellus,Insecta,Lepidoptera,Sphingidae,7181,0
430052,Piezodorus lituratus,Insecta,Hemiptera,Pentatomidae,7166,0
334551,Elasmucha grisea,Insecta,Hemiptera,Acanthosomatidae,7156,0
321945,Pseudoips prasinana,Insecta,Lepidoptera,Nolidae,7154,0
130127,Himacerus mirmicoides,Insecta,Hemiptera,Nabidae,7148,0
54068,Boloria selene,Insecta,Lepidoptera,Nymphalidae,7126,0
70415,Helophilus trivittatus,Insecta,Diptera,Syrphidae,7107,0
209688,Erythromma najas,Insecta,Odonata,Coenagrionidae,7041,0
62453,Anthidium manicatum,Insecta,Hymenoptera,Megachilidae,7037,0
174482,Caradrina clavipalpis,Insecta,Lepidoptera,Noctuidae,7033,0
85057,Cordulegaster boltonii,Insecta,Odonata,Cordulegastridae,7019,0
362141,Idaea biselata,Insecta,Lepidoptera,Geometridae,7013,0
134078,Scoliopteryx libatrix,Insecta,Lepidoptera,Erebidae,6996,0
342903,Cryphia algae,Insecta,Lepidoptera,Noctuidae,6948,0
118838,Timarcha tenebricosa,Insecta,Coleoptera,Chrysomelidae,6944,0
320004,Eilema complana,Insecta,Lepidoptera,Erebidae,6928,0
201519,Pyrgus malvae,Insecta,Lepidoptera,Hesperiidae,6909,0
320812,Gastrophysa viridula,Insecta,Coleoptera,Chrysomelidae,6897,0
343182,Camponotus vagus,Insecta,Hymenoptera,Formicidae,6892,0
423693,Tettigonia cantans,Insecta,Orthoptera,Tettigoniidae,6881,0
119170,Meconema thalassinum,Insecta,Orthoptera,Tettigoniidae,6875,0
130391,Iphiclides feisthamelii,Insecta,Lepidoptera,Papilionidae,6873,0
132419,Omocestus viridulus,Insecta,Orthoptera,Acrididae,6847,0
205231,Idaea dimidiata,Insecta,Lepidoptera,Geometridae,6846,0
127732,Andricus quercuscalicis,Insecta,Hymenoptera,Cynipidae,6821,0
107949,Orthetrum brunneum,Insecta,Odonata,Libellulidae,6819,0
327208,Rhopalus subrufus,Insecta,Hemiptera,Rhopalidae,6814,0
362811,Sphrageidus similis,Insecta,Lepidoptera,Erebidae,6813,0
318926,Siona lineata,Insecta,Lepidoptera,Geometridae,6790,0
121775,Aculepeira ceropegia,Arachnida,Araneae,Araneidae,6760,0
123022,Thyatira batis,Insecta,Lepidoptera,Drepanidae,6748,0
466317,Conocephalus fuscus,Insecta,Orthoptera,Tettigoniidae,6740,0
199266,Dysgonia algira,Insecta,Lepidoptera,Erebidae,6735,0
61429,Cordulia aenea,Insecta,Odonata,Corduliidae,6726,0
61546,Nemophora degeerella,Insecta,Lepidoptera,Adelidae,6719,0
143517,Biston betularia,Insecta,Lepidoptera,Geometridae,6711,0
361095,Eudonia lacustrata,Insecta,Lepidoptera,Crambidae,6694,0
147328,Argynnis pandora,Insecta,Lepidoptera,Nymphalidae,6687,0
416290,Cerambyx scopolii,Insecta,Coleoptera,Cerambycidae,6682,0
226718,Otiorhynchus sulcatus,Insecta,Coleoptera,Curculionidae,6642,0
130205,Meloe violaceus,Insecta,Coleoptera,Meloidae,6638,0
319551,Yponomeuta cagnagella,Insecta,Lepidoptera,Yponomeutidae,6635,0
354803,Eilema sororcula,Insecta,Lepidoptera,Erebidae,6609,0
209683,Erythromma viridulum,Insecta,Odonata,Coenagrionidae,6605,0
360081,Ebrechtella tricuspidata,Arachnida,Araneae,Thomisidae,6581,0
205120,Eilema griseola,Insecta,Lepidoptera,Erebidae,6579,0
244709,Orthosia cruda,Insecta,Lepidoptera,Noctuidae,6579,0
327211,Spilostethus saxatilis,Insecta,Hemiptera,Lygaeidae,6578,0
322806,Laspeyria flexula,Insecta,Lepidoptera,Erebidae,6574,0
84361,Pyrausta purpuralis,Insecta,Lepidoptera,Crambidae,6555,0
200930,Zeuzera pyrina,Insecta,Lepidoptera,Cossidae,6519,0
70405,Melanostoma scalare,Insecta,Diptera,Syrphidae,6485,0
129158,Colostygia pectinataria,Insecta,Lepidoptera,Geometridae,6460,0
491461,Peribalus strictus,Insecta,Hemiptera,Pentatomidae,6456,0
1122539,Andricus foecundatrix,Insecta,Hymenoptera,Cynipidae,6453,0
104875,Lycaena dispar,Insecta,Lepidoptera,Lycaenidae,6393,0
121993,Lampides boeticus,Insecta,Lepidoptera,Lycaenidae,6359,0
127758,Neuroterus numismalis,Insecta,Hymenoptera,Cynipidae,6337,0
108799,Parnassius apollo,Insecta,Lepidoptera,Papilionidae,6313,0
132997,Boloria euphrosyne,Insecta,Lepidoptera,Nymphalidae,6297,0
130185,Xanthorhoe montanata,Insecta,Lepidoptera,Geometridae,6291,0
96487,Calopteryx haemorrhoidalis,Insecta,Odonata,Calopterygidae,6273,0
311616,Conistra vaccinii,Insecta,Lepidoptera,Noctuidae,6237,0
325476,Eupithecia centaureata,Insecta,Lepidoptera,Geometridae,6213,0
483640,Phyllobius pyri,Insecta,Coleoptera,Curculionidae,6213,0
130101,Cabera pusaria,Insecta,Lepidoptera,Geometridae,6195,0
70175,Sicus ferrugineus,Insecta,Diptera,Conopidae,6190,0
55047,Trichodes alvearius,Insecta,Coleoptera,Cleridae,6168,0
47153,Cydia pomonella,Insecta,Lepidoptera,Tortricidae,6145,0
127103,Pontia edusa,Insecta,Lepidoptera,Pieridae,6142,0
117313,Gomphocerippus rufus,Insecta,Orthoptera,Acrididae,6142,0
1647283,Regiscolia maculata,Insecta,Hymenoptera,Scoliidae,6122,0
211210,Holocnemus pluchei,Arachnida,Araneae,Pholcidae,6121,0
126276,Agrotis ipsilon,Insecta,Lepidoptera,Noctuidae,6118,0
462191,Xylota segnis,Insecta,Diptera,Syrphidae,6115,0
55122,Empusa pennata,Insecta,Mantodea,Empusidae,6114,0
460842,Oiceoptoma thoracicum,Insecta,Coleoptera,Staphylinidae,6114,0
125266,Eilema depressa,Insecta,Lepidoptera,Erebidae,6109,0
363626,Agriphila inquinatella,Insecta,Lepidoptera,Crambidae,6107,0
451389,Oedemera lurida,Insecta,Coleoptera,Oedemeridae,6077,0
205754,Agapeta hamana,Insecta,Lepidoptera,Tortricidae,6071,0
336922,Palpita vitrealis,Insecta,Lepidoptera,Crambidae,6027,0
334337,Agriphila geniculea,Insecta,Lepidoptera,Crambidae,6022,0
61847,Eristalis nemorum,Insecta,Diptera,Syrphidae,6012,0
57396,Dicranopalpus ramosus,Arachnida,Opiliones,Phalangiidae,6009,0
227754,Philodromus dispar,Arachnida,Araneae,Philodromidae,5991,0
82108,Zygaena lonicerae,Insecta,Lepidoptera,Zygaenidae,5980,0
504466,Eurygaster testudinaria,Insecta,Hemiptera,Scutelleridae,5979,0
363754,Volucella inanis,Insecta,Diptera,Syrphidae,5977,0
357413,Evarcha arcuata,Arachnida,Araneae,Salticidae,5953,0
470237,Psilothrix viridicoerulea,Insecta,Coleoptera,Melyridae,5913,0
335607,Lasiocampa trifolii,Insecta,Lepidoptera,Lasiocampidae,5903,0
732964,Planuncus tingitanus,Insecta,Blattodea,Ectobiidae,5896,0
135282,Acronicta aceris,Insecta,Lepidoptera,Noctuidae,5873,0
472363,Eriothrix rufomaculata,Insecta,Diptera,Tachinidae,5868,0
129149,Hypsopygia costalis,Insecta,Lepidoptera,Pyralidae,5856,0
116385,Catocala nupta,Insecta,Lepidoptera,Erebidae,5838,0
55761,Lilioceris lilii,Insecta,Coleoptera,Chrysomelidae,5835,0
367148,Cicindela hybrida,Insecta,Coleoptera,Cicindelidae,5825,0
61851,Eristalis similis,Insecta,Diptera,Syrphidae,5824,0
318536,Eudonia angustea,Insecta,Lepidoptera,Crambidae,5810,0
359097,Melitaea celadussa,Insecta,Lepidoptera,Nymphalidae,5808,0
324310,Mitopus morio,Arachnida,Opiliones,Phalangiidae,5797,0
324758,Watsonalla binaria,Insecta,Lepidoptera,Drepanidae,5795,0
62381,Erebia ligea,Insecta,Lepidoptera,Nymphalidae,5784,0
333502,Mesembrina meridiana,Insecta,Diptera,Muscidae,5750,0
362591,Sphinx ligustri,Insecta,Lepidoptera,Sphingidae,5741,0
204590,Plagiognathus arbustorum,Insecta,Hemiptera,Miridae,5724,0
354118,Lycia hirtaria,Insecta,Lepidoptera,Geometridae,5709,0
340425,Euthystira brachyptera,Insecta,Orthoptera,Acrididae,5705,0
132317,Diacrisia sannio,Insecta,Lepidoptera,Erebidae,5689,0
469488,Carpocoris fuscispinus,Insecta,Hemiptera,Pentatomidae,5676,0
362240,Noctua janthe,Insecta,Lepidoptera,Noctuidae,5674,0
362835,Lygaeus equestris,Insecta,Hemiptera,Lygaeidae,5674,0
58468,Hesperia comma,Insecta,Lepidoptera,Hesperiidae,5673,0
447104,Epistrophe eligans,Insecta,Diptera,Syrphidae,5672,0
123810,Pontia daplidice,Insecta,Lepidoptera,Pieridae,5666,0
61447,Cantharis nigricans,Insecta,Coleoptera,Cantharidae,5657,0
207713,Scopula immorata,Insecta,Lepidoptera,Geometridae,5649,0
320109,Rhagium mordax,Insecta,Coleoptera,Cerambycidae,5643,0
207955,Diaea dorsata,Arachnida,Araneae,Thomisidae,5635,0
119858,Colotois pennaria,Insecta,Lepidoptera,Geometridae,5635,0
354806,Mesapamea secalis,Insecta,Lepidoptera,Noctuidae,5620,0
142981,Ostrinia nubilalis,Insecta,Lepidoptera,Crambidae,5614,0
52488,Syrphus ribesii,Insecta,Diptera,Syrphidae,5606,0
483281,Idaea subsericeata,Insecta,Lepidoptera,Geometridae,5589,0
367155,Zygaena transalpina,Insecta,Lepidoptera,Zygaenidae,5586,0
61857,Volucella bombylans,Insecta,Diptera,Syrphidae,5578,0
59346,Saturnia pavonia,Insecta,Lepidoptera,Saturniidae,5566,0
333154,Athalia rosae,Insecta,Hymenoptera,Tenthredinidae,5566,0
362292,Ruspolia nitidula,Insecta,Orthoptera,Tettigoniidae,5552,0
355985,Heliotaurus ruficollis,Insecta,Coleoptera,Tenebrionidae,5544,0
121766,Micrommata virescens,Arachnida,Araneae,Sparassidae,5534,0
130102,Crambus lathoniellus,Insecta,Lepidoptera,Crambidae,5533,0
321705,Hemipenthes morio,Insecta,Diptera,Bombyliidae,5521,0
335485,Chloroclysta siterata,Insecta,Lepidoptera,Geometridae,5517,0
105458,Melanargia lachesis,Insecta,Lepidoptera,Nymphalidae,5506,0
334985,Brenthis ino,Insecta,Lepidoptera,Nymphalidae,5456,0
415467,Ectophasia crassipennis,Insecta,Diptera,Tachinidae,5447,0
321943,Celypha striana,Insecta,Lepidoptera,Tortricidae,5445,0
326890,Camptopus lateralis,Insecta,Hemiptera,Alydidae,5440,0
57444,Stethophyma grossum,Insecta,Orthoptera,Acrididae,5437,0
461786,Agrochola lunosa,Insecta,Lepidoptera,Noctuidae,5400,0
62452,Pyronia cecilia,Insecta,Lepidoptera,Nymphalidae,5399,0
133499,Pardosa amentata,Arachnida,Araneae,Lycosidae,5388,0
127789,Bombus vestalis,Insecta,Hymenoptera,Apidae,5386,0
626665,Korscheltellus lupulina,Insecta,Lepidoptera,Hepialidae,5354,0
322984,Catoptria falsella,Insecta,Lepidoptera,Crambidae,5322,0
495531,Oedemera femorata,Insecta,Coleoptera,Oedemeridae,5293,0
57450,Scytodes thoracica,Arachnida,Araneae,Scytodidae,5287,0
146685,Steatoda bipunctata,Arachnida,Araneae,Theridiidae,5276,0
56532,Saturnia pyri,Insecta,Lepidoptera,Saturniidae,5270,0
343324,Apatura iris,Insecta,Lepidoptera,Nymphalidae,5265,0
334347,Brenthis daphne,Insecta,Lepidoptera,Nymphalidae,5264,0
133020,Nepa cinerea,Insecta,Hemiptera,Nepidae,5264,0
127837,Biorhiza pallida,Insecta,Hymenoptera,Cynipidae,5247,0
362311,Omocestus rufipes,Insecta,Orthoptera,Acrididae,5235,0
466999,Pseudeuophrys lanigera,Arachnida,Araneae,Salticidae,5228,0
333243,Adscita statices,Insecta,Lepidoptera,Zygaenidae,5223,0
337520,Euproctis chrysorrhoea,Insecta,Lepidoptera,Erebidae,5208,0
349275,Coenonympha glycerion,Insecta,Lepidoptera,Nymphalidae,5201,0
468594,Mythimna vitellina,Insecta,Lepidoptera,Noctuidae,5183,0
205135,Smerinthus ocellata,Insecta,Lepidoptera,Sphingidae,5171,0
61970,Cucullia verbasci,Insecta,Lepidoptera,Noctuidae,5153,0
362296,Nemobius sylvestris,Insecta,Orthoptera,Trigonidiidae,5153,0
70190,Sericomyia silentis,Insecta,Diptera,Syrphidae,5150,0
415493,Acontia lucida,Insecta,Lepidoptera,Noctuidae,5139,0
122375,Carterocephalus palaemon,Insecta,Lepidoptera,Hesperiidae,5127,0
207838,Sitochroa verticalis,Insecta,Lepidoptera,Crambidae,5115,0
128611,Hypena rostralis,Insecta,Lepidoptera,Erebidae,5111,0
211055,Acrida ungarica,Insecta,Orthoptera,Acrididae,5096,0
245872,Zerynthia rumina,Insecta,Lepidoptera,Papilionidae,5083,0
121769,Araneus angulatus,Arachnida,Araneae,Araneidae,5070,0
130099,Cabera exanthemata,Insecta,Lepidoptera,Geometridae,5068,0
70203,Alucita hexadactyla,Insecta,Lepidoptera,Alucitidae,5062,0
326382,Minois dryas,Insecta,Lepidoptera,Nymphalidae,5059,0
141751,Hipparchia statilinus,Insecta,Lepidoptera,Nymphalidae,5052,0
319088,Oedemera flavipes,Insecta,Coleoptera,Oedemeridae,5050,0
61413,Psyche casta,Insecta,Lepidoptera,Psychidae,5040,0
321535,Anatis ocellata,Insecta,Coleoptera,Coccinellidae,5031,0
219195,Enoplognatha ovata,Arachnida,Araneae,Theridiidae,5028,0
123912,Charaxes jasius,Insecta,Lepidoptera,Nymphalidae,5007,0
201627,Locusta migratoria,Insecta,Orthoptera,Acrididae,4990,0
319133,Clepsis consimilana,Insecta,Lepidoptera,Tortricidae,4959,0
362140,Idaea ochrata,Insecta,Lepidoptera,Geometridae,4949,0
217219,Cloeon dipterum,Insecta,Ephemeroptera,Baetidae,4929,0
141737,Phaneroptera falcata,Insecta,Orthoptera,Tettigoniidae,4917,0
124696,Crocallis elinguaria,Insecta,Lepidoptera,Geometridae,4911,0
325641,Acronicta psi,Insecta,Lepidoptera,Noctuidae,4897,0
324397,Mythimna ferrago,Insecta,Lepidoptera,Noctuidae,4894,0
125049,Trachea atriplicis,Insecta,Lepidoptera,Noctuidae,4892,0
70118,Nicrophorus vespilloides,Insecta,Coleoptera,Staphylinidae,4886,0
205321,Mormo maura,Insecta,Lepidoptera,Noctuidae,4883,0
131030,Camponotus cruentatus,Insecta,Hymenoptera,Formicidae,4882,0
334407,Platycheirus albimanus,Insecta,Diptera,Syrphidae,4870,0
81651,Cyclophora punctaria,Insecta,Lepidoptera,Geometridae,4865,0
322132,Habrosyne pyritoides,Insecta,Lepidoptera,Drepanidae,4864,0
1110561,Stictocephala bisonia,Insecta,Hemiptera,Membracidae,4860,0
320070,Pterostoma palpina,Insecta,Lepidoptera,Notodontidae,4853,0
465461,Chrysochraon dispar,Insecta,Orthoptera,Acrididae,4850,0
216086,Carabus granulatus,Insecta,Coleoptera,Carabidae,4844,0
127182,Decticus albifrons,Insecta,Orthoptera,Tettigoniidae,4834,0
481260,Closterotomus norwegicus,Insecta,Hemiptera,Miridae,4830,0
505623,Tolmerus atricapillus,Insecta,Diptera,Asilidae,4825,0
464329,Hylobius abietis,Insecta,Coleoptera,Curculionidae,4819,0
746682,Dasypoda hirtipes,Insecta,Hymenoptera,Melittidae,4805,0
94048,Anax parthenope,Insecta,Odonata,Aeshnidae,4788,0
486472,Zilla diodia,Arachnida,Araneae,Araneidae,4781,0
333735,Himacerus apterus,Insecta,Hemiptera,Nabidae,4778,0
107942,Orthetrum albistylum,Insecta,Odonata,Libellulidae,4764,0
125221,Menophra abruptaria,Insecta,Lepidoptera,Geometridae,4757,0
468973,Ectobius vittiventris,Insecta,Blattodea,Ectobiidae,4756,0
360050,Grammoptera ruficornis,Insecta,Coleoptera,Cerambycidae,4743,0
466995,Aceria cephalonea,Arachnida,Sarcoptiformes,Eriophyidae,4736,0
338086,Camponotus ligniperda,Insecta,Hymenoptera,Formicidae,4722,0
461120,Rhynocoris iracundus,Insecta,Hemiptera,Reduviidae,4714,0
119248,Distoleon tetragrammicus,Insecta,Neuroptera,Myrmeleontidae,4712,0
60469,Rhagio scolopaceus,Insecta,Diptera,Rhagionidae,4710,0
129156,Diaphora mendica,Insecta,Lepidoptera,Erebidae,4698,0
244708,Eupsilia transversa,Insecta,Lepidoptera,Noctuidae,4693,0
61937,Subcoccinella vigintiquatuorpunctata,Insecta,Coleoptera,Coccinellidae,4685,0
124358,Andrena flavipes,Insecta,Hymenoptera,Andrenidae,4683,0
333813,Corythucha ciliata,Insecta,Hemiptera,Tingidae,4680,0
118487,Messor barbarus,Insecta,Hymenoptera,Formicidae,4673,0
344782,Tortrix viridana,Insecta,Lepidoptera,Tortricidae,4665,0
362433,Centrotus cornutus,Insecta,Hemiptera,Membracidae,4650,0
229871,Rhagium inquisitor,Insecta,Coleoptera,Cerambycidae,4649,0
208973,Pyronia bathseba,Insecta,Lepidoptera,Nymphalidae,4630,0
82106,Aeshna grandis,Insecta,Odonata,Aeshnidae,4611,0
153757,Tetragnatha extensa,Arachnida,Araneae,Tetragnathidae,4600,0
203340,Isodontia mexicana,Insecta,Hymenoptera,Sphecidae,4594,0
130843,Byturus ochraceus,Insecta,Coleoptera,Byturidae,4592,0
429119,Macaria alternata,Insecta,Lepidoptera,Geometridae,4588,0
320699,Petrophora chlorosata,Insecta,Lepidoptera,Geometridae,4587,0
336000,Odezia atrata,Insecta,Lepidoptera,Geometridae,4580,0
341143,Lasius emarginatus,Insecta,Hymenoptera,Formicidae,4569,0
480251,Favonius quercus,Insecta,Lepidoptera,Lycaenidae,4554,0
60835,Libelloides coccajus,Insecta,Neuroptera,Myrmeleontidae,4552,0
337771,Aricia cramera,Insecta,Lepidoptera,Lycaenidae,4543,0
469906,Stenodema laevigata,Insecta,Hemiptera,Miridae,4533,0
1671287,Pseudaletia unipuncta,Insecta,Lepidoptera,Noctuidae,4521,0
205090,Scopula imitaria,Insecta,Lepidoptera,Geometridae,4509,0
354807,Callistege mi,Insecta,Lepidoptera,Erebidae,4491,0
335580,Chorthippus albomarginatus,Insecta,Orthoptera,Acrididae,4489,0
319208,Scopula marginepunctata,Insecta,Lepidoptera,Geometridae,4486,0
470603,Athetis hospes,Insecta,Lepidoptera,Noctuidae,4479,0
323781,Crambus perlella,Insecta,Lepidoptera,Crambidae,4469,0
360096,Morimus asper,Insecta,Coleoptera,Cerambycidae,4456,0
57454,Gomphus vulgatissimus,Insecta,Odonata,Gomphidae,4451,0
324637,Meliscaeva auricollis,Insecta,Diptera,Syrphidae,4449,0
416654,Andricus quercustozae,Insecta,Hymenoptera,Cynipidae,4436,0
334553,Cteniopus sulphureus,Insecta,Coleoptera,Tenebrionidae,4433,0
362639,Homoeosoma sinuella,Insecta,Lepidoptera,Pyralidae,4432,0
325475,Macaria liturata,Insecta,Lepidoptera,Geometridae,4417,0
367312,Calliptamus barbarus,Insecta,Orthoptera,Acrididae,4403,0
205186,Selenia dentaria,Insecta,Lepidoptera,Geometridae,4402,0
326207,Calvia decemguttata,Insecta,Coleoptera,Coccinellidae,4383,0
343255,Carrhotus xanthogramma,Arachnida,Araneae,Salticidae,4381,0
433481,Colletes hederae,Insecta,Hymenoptera,Colletidae,4378,0
244407,Zelus renardii,Insecta,Hemiptera,Reduviidae,4368,0
324863,Cyclophora linearia,Insecta,Lepidoptera,Geometridae,4360,0
359518,Agrotis clavis,Insecta,Lepidoptera,Noctuidae,4360,0
362863,Zygaena loti,Insecta,Lepidoptera,Zygaenidae,4359,0
344469,Agriopis marginaria,Insecta,Lepidoptera,Geometridae,4351,0
100408,Erythromma lindenii,Insecta,Odonata,Coenagrionidae,4347,0
505671,Exosoma lusitanicum,Insecta,Coleoptera,Chrysomelidae,4347,0
208983,Mylabris variabilis,Insecta,Coleoptera,Meloidae,4346,0
326655,Stomorhina lunata,Insecta,Diptera,Calliphoridae,4344,0
333217,Zerynthia polyxena,Insecta,Lepidoptera,Papilionidae,4336,0
464103,Harpocera thoracica,Insecta,Hemiptera,Miridae,4335,0
333907,Crambus pascuella,Insecta,Lepidoptera,Crambidae,4319,0
324831,Mythimna impura,Insecta,Lepidoptera,Noctuidae,4318,0
127794,Cerceris rybyensis,Insecta,Hymenoptera,Crabronidae,4315,0
129223,Pasiphila rectangulata,Insecta,Lepidoptera,Geometridae,4291,0
118901,Hyles gallii,Insecta,Lepidoptera,Sphingidae,4288,0
358356,Serica brunnea,Insecta,Coleoptera,Scarabaeidae,4278,0
324080,Chloroclystis v-ata,Insecta,Lepidoptera,Geometridae,4278,0
359507,Anthocoris nemorum,Insecta,Hemiptera,Anthocoridae,4274,0
500932,Deraeocoris flavilinea,Insecta,Hemiptera,Miridae,4274,0
126513,Larinioides cornutus,Arachnida,Araneae,Araneidae,4273,0
324225,Cydia splendana,Insecta,Lepidoptera,Tortricidae,4267,0
117294,Sympetrum flaveolum,Insecta,Odonata,Libellulidae,4262,0
324189,Xestia triangulum,Insecta,Lepidoptera,Noctuidae,4258,0
320947,Macrophya montana,Insecta,Hymenoptera,Tenthredinidae,4254,0
130785,Plebejus idas,Insecta,Lepidoptera,Lycaenidae,4253,0
56525,Argiope lobata,Arachnida,Araneae,Araneidae,4241,0
466438,Sphex funerarius,Insecta,Hymenoptera,Sphecidae,4241,0
126209,Metcalfa pruinosa,Insecta,Hemiptera,Flatidae,4240,0
84521,Nigma walckenaeri,Arachnida,Araneae,Dictynidae,4240,0
354352,Erebia euryale,Insecta,Lepidoptera,Nymphalidae,4236,0
205221,Carcina quercana,Insecta,Lepidoptera,Peleopodidae,4233,0
324344,Melanostoma mellinum,Insecta,Diptera,Syrphidae,4231,0
121821,Sceliphron caementarium,Insecta,Hymenoptera,Sphecidae,4231,0
338535,Euchorthippus declivus,Insecta,Orthoptera,Acrididae,4230,0
60834,Glaucopsyche alexis,Insecta,Lepidoptera,Lycaenidae,4225,0
219582,Ethmia bipunctella,Insecta,Lepidoptera,Ethmiidae,4223,0
360902,Aquarius paludum,Insecta,Hemiptera,Gerridae,4221,0
451910,Parapoynx stratiotata,Insecta,Lepidoptera,Crambidae,4218,0
464843,Mononychus punctumalbum,Insecta,Coleoptera,Curculionidae,4200,0
544540,Tipula vernalis,Insecta,Diptera,Tipulidae,4192,0
311242,Liophloeus tessulatus,Insecta,Coleoptera,Curculionidae,4190,0
429105,Agrochola lychnidis,Insecta,Lepidoptera,Noctuidae,4190,0
322140,Idaea fuscovenosa,Insecta,Lepidoptera,Geometridae,4175,0
318507,Elasmostethus interstinctus,Insecta,Hemiptera,Acanthosomatidae,4167,0
450666,Cantharis pellucida,Insecta,Coleoptera,Cantharidae,4167,0
55621,Metellina segmentata,Arachnida,Araneae,Tetragnathidae,4152,0
141758,Heliophanus cupreus,Arachnida,Araneae,Salticidae,4149,0
56731,Oenopia conglobata,Insecta,Coleoptera,Coccinellidae,4147,0
327172,Eurydema ventralis,Insecta,Hemiptera,Pentatomidae,4141,0
123657,Bombus sylvarum,Insecta,Hymenoptera,Apidae,4139,0
124403,Stenopterus rufus,Insecta,Coleoptera,Cerambycidae,4129,0
472320,Ectobius sylvestris,Insecta,Blattodea,Ectobiidae,4124,0
343429,Lycaena alciphron,Insecta,Lepidoptera,Lycaenidae,4121,0
324216,Drepana falcataria,Insecta,Lepidoptera,Drepanidae,4114,0
132968,Nephrotoma appendiculata,Insecta,Diptera,Tipulidae,4109,0
93434,Aeshna juncea,Insecta,Odonata,Aeshnidae,4107,0
199374,Linyphia triangularis,Arachnida,Araneae,Linyphiidae,4095,0
356404,Closterotomus trivialis,Insecta,Hemiptera,Miridae,4093,0
322722,Hemithea aestivaria,Insecta,Lepidoptera,Geometridae,4088,0
123816,Leptidea sinapis,Insecta,Lepidoptera,Pieridae,4088,0
318991,Cryptocephalus sericeus,Insecta,Coleoptera,Chrysomelidae,4086,0
154449,Leiobunum rotundum,Arachnida,Opiliones,Sclerosomatidae,4085,0
321054,Nymphalis xanthomelas,Insecta,Lepidoptera,Nymphalidae,4075,0
452500,Ephemera danica,Insecta,Ephemeroptera,Ephemeridae,4067,0
179339,Peridroma saucia,Insecta,Lepidoptera,Noctuidae,4067,0
319552,Pheosia tremula,Insecta,Lepidoptera,Notodontidae,4059,0
497713,Eristalis intricaria,Insecta,Diptera,Syrphidae,4055,0
447691,Xylocampa areola,Insecta,Lepidoptera,Noctuidae,4042,0
194133,Evarcha jucunda,Arachnida,Araneae,Salticidae,4041,0
133154,Hamearis lucina,Insecta,Lepidoptera,Riodinidae,4041,0
203409,Ectobius lapponicus,Insecta,Blattodea,Ectobiidae,4037,0
362293,Platycleis albopunctata,Insecta,Orthoptera,Tettigoniidae,4035,0
324849,Elophila nymphaeata,Insecta,Lepidoptera,Crambidae,4025,0
233683,Xanthogaleruca luteola,Insecta,Coleoptera,Chrysomelidae,4022,0
96735,Carabus intricatus,Insecta,Coleoptera,Carabidae,4013,0
347823,Sceliphron curvatum,Insecta,Hymenoptera,Sphecidae,4009,0
361324,Lestes virens,Insecta,Odonata,Lestidae,4004,0
130403,Zygaena trifolii,Insecta,Lepidoptera,Zygaenidae,3988,0
130395,Haematopota pluvialis,Insecta,Diptera,Tabanidae,3986,0
133807,Cataclysta lemnata,Insecta,Lepidoptera,Crambidae,3972,0
319748,Notodonta dromedarius,Insecta,Lepidoptera,Notodontidae,3956,0
322142,Oligia strigilis,Insecta,Lepidoptera,Noctuidae,3954,0
556666,Trichius gallicus,Insecta,Coleoptera,Scarabaeidae,3954,0
205244,Melanocoryphus albomaculatus,Insecta,Hemiptera,Lygaeidae,3953,0
148145,Curculio glandium,Insecta,Coleoptera,Curculionidae,3950,0
325243,Xestia baja,Insecta,Lepidoptera,Noctuidae,3950,0
205202,Ecliptopera silaceata,Insecta,Lepidoptera,Geometridae,3948,0
97022,Cerambyx cerdo,Insecta,Coleoptera,Cerambycidae,3947,0
765642,Brassicogethes aeneus,Insecta,Coleoptera,Nitidulidae,3947,0
321826,Rhagio tringarius,Insecta,Diptera,Rhagionidae,3943,0
322382,Pediasia contaminella,Insecta,Lepidoptera,Crambidae,3932,0
127719,Amblyteles armatorius,Insecta,Hymenoptera,Ichneumonidae,3928,0
935778,Euura proxima,Insecta,Hymenoptera,Tenthredinidae,3914,0
451665,Mamestra brassicae,Insecta,Lepidoptera,Noctuidae,3912,0
334326,Tabanus sudeticus,Insecta,Diptera,Tabanidae,3901,0
208988,Satyrium spini,Insecta,Lepidoptera,Lycaenidae,3900,0
776396,Judolia cerambyciformis,Insecta,Coleoptera,Cerambycidae,3891,0
102792,Hipparchia fagi,Insecta,Lepidoptera,Nymphalidae,3884,0
460643,Macdunnoughia confusa,Insecta,Lepidoptera,Noctuidae,3881,0
362093,Thymelicus acteon,Insecta,Lepidoptera,Hesperiidae,3880,0
207704,Melitaea diamina,Insecta,Lepidoptera,Nymphalidae,3877,0
124215,Hyles livornica,Insecta,Lepidoptera,Sphingidae,3873,0
324518,Lamoria anella,Insecta,Lepidoptera,Pyralidae,3869,0
205220,Ourapteryx sambucaria,Insecta,Lepidoptera,Geometridae,3868,0
343264,Dolichoderus quadripunctatus,Insecta,Hymenoptera,Formicidae,3867,0
466581,Paracorymbia maculicornis,Insecta,Coleoptera,Cerambycidae,3867,0
428375,Oligia latruncula,Insecta,Lepidoptera,Noctuidae,3860,0
360042,Campyloneura virgula,Insecta,Hemiptera,Miridae,3852,0
362091,Thecla betulae,Insecta,Lepidoptera,Lycaenidae,3851,0
492662,Diaperis boleti,Insecta,Coleoptera,Tenebrionidae,3846,0
499370,Closterotomus biclavatus,Insecta,Hemiptera,Miridae,3846,0
324924,Eupithecia abbreviata,Insecta,Lepidoptera,Geometridae,3837,0
358031,Diachrysia chrysitis,Insecta,Lepidoptera,Noctuidae,3833,0
339925,Polistes nimpha,Insecta,Hymenoptera,Vespidae,3821,0
321690,Stenotus binotatus,Insecta,Hemiptera,Miridae,3819,0
469219,Villa hottentotta,Insecta,Diptera,Bombyliidae,3818,0
56228,Rosalia alpina,Insecta,Coleoptera,Cerambycidae,3811,0
343179,Pheidole pallidula,Insecta,Hymenoptera,Formicidae,3802,0
143485,Xanthorhoe ferrugata,Insecta,Lepidoptera,Geometridae,3791,0
336700,Pieris mannii,Insecta,Lepidoptera,Pieridae,3784,0
451846,Stauropus fagi,Insecta,Lepidoptera,Notodontidae,3782,0
311581,Chrysoperla carnea,Insecta,Neuroptera,Chrysopidae,3781,0
59895,Carabus violaceus,Insecta,Coleoptera,Carabidae,3777,0
132319,Myrmeleotettix maculatus,Insecta,Orthoptera,Acrididae,3776,0
129017,Araniella cucurbitina,Arachnida,Araneae,Araneidae,3767,0
67437,Iris oratoria,Insecta,Mantodea,Eremiaphilidae,3766,0
321977,Cosmorhoe ocellata,Insecta,Lepidoptera,Geometridae,3765,0
231082,Sitona lineatus,Insecta,Coleoptera,Curculionidae,3762,0
53853,Formica rufa,Insecta,Hymenoptera,Formicidae,3752,0
324195,Archips xylosteana,Insecta,Lepidoptera,Tortricidae,3743,0
131817,Rhagium bifasciatum,Insecta,Coleoptera,Cerambycidae,3741,0
473538,Leptophyes albovittata,Insecta,Orthoptera,Tettigoniidae,3736,0
459050,Anthidium florentinum,Insecta,Hymenoptera,Megachilidae,3734,0
111447,Pyrgus malvoides,Insecta,Lepidoptera,Hesperiidae,3727,0
355014,Rhingia campestris,Insecta,Diptera,Syrphidae,3726,0
551900,Deraeocoris lutescens,Insecta,Hemiptera,Miridae,3718,0
324798,Archips podana,Insecta,Lepidoptera,Tortricidae,3709,0
324703,Notodonta ziczac,Insecta,Lepidoptera,Notodontidae,3707,0
131091,Harmonia quadripunctata,Insecta,Coleoptera,Coccinellidae,3707,0
324132,Apoda limacodes,Insecta,Lepidoptera,Limacodidae,3704,0
493972,Anthaxia nitidula,Insecta,Coleoptera,Buprestidae,3704,0
210336,Eupeodes luniger,Insecta,Diptera,Syrphidae,3690,0
1510501,Isoaeschna isoceles,Insecta,Odonata,Aeshnidae,3684,0
205190,Abrostola tripartita,Insecta,Lepidoptera,Noctuidae,3680,0
130432,Alosterna tabacicolor,Insecta,Coleoptera,Cerambycidae,3664,0
71093,Tropinota squalida,Insecta,Coleoptera,Scarabaeidae,3663,0
417955,Thaumetopoea processionea,Insecta,Lepidoptera,Notodontidae,3660,0
201403,Perizoma alchemillata,Insecta,Lepidoptera,Geometridae,3656,0
324217,Cerapteryx graminis,Insecta,Lepidoptera,Noctuidae,3653,0
484487,Colletes cunicularius,Insecta,Hymenoptera,Colletidae,3652,0
57839,Tritomegas bicolor,Insecta,Hemiptera,Sehiridae,3650,0
206295,Scotophaeus blackwalli,Arachnida,Araneae,Gnaphosidae,3649,0
61918,Abraxas grossulariata,Insecta,Lepidoptera,Geometridae,3648,0
354881,Dendrolimus pini,Insecta,Lepidoptera,Lasiocampidae,3636,0
339411,Stigmella aurella,Insecta,Lepidoptera,Nepticulidae,3636,0
212729,Aglossa pinguinalis,Insecta,Lepidoptera,Pyralidae,3635,0
501467,Lygistopterus sanguineus,Insecta,Coleoptera,Lycidae,3621,0
429123,Tholera decimalis,Insecta,Lepidoptera,Noctuidae,3613,0
450677,Scopula ornata,Insecta,Lepidoptera,Geometridae,3613,0
357477,Acronicta megacephala,Insecta,Lepidoptera,Noctuidae,3603,0
366885,Cymbalophora pudica,Insecta,Lepidoptera,Erebidae,3600,0
371315,Chorthippus biguttulus,Insecta,Orthoptera,Acrididae,3588,0
131878,Nicrophorus vespillo,Insecta,Coleoptera,Staphylinidae,3584,0
221586,Hydraecia micacea,Insecta,Lepidoptera,Noctuidae,3582,0
320069,Xanthorhoe spadicearia,Insecta,Lepidoptera,Geometridae,3579,0
559670,Syromastus rhombeus,Insecta,Hemiptera,Coreidae,3578,0
333915,Atolmis rubricollis,Insecta,Lepidoptera,Erebidae,3575,0
319745,Lomographa temerata,Insecta,Lepidoptera,Geometridae,3569,0
320099,Hedya nubiferana,Insecta,Lepidoptera,Tortricidae,3569,0
129129,Tetrix subulata,Insecta,Orthoptera,Tetrigidae,3556,0
322803,Amblyptilia acanthadactyla,Insecta,Lepidoptera,Pterophoridae,3550,0
104420,Lestes barbarus,Insecta,Odonata,Lestidae,3545,0
200017,Graphopsocus cruciatus,Insecta,Psocodea,Stenopsocidae,3544,0
487303,Saitis barbipes,Arachnida,Araneae,Salticidae,3542,0
323017,Cercopis intermedia,Insecta,Hemiptera,Cercopidae,3538,0
326739,Nemophora metallica,Insecta,Lepidoptera,Adelidae,3530,0
326354,Neoscona adianta,Arachnida,Araneae,Araneidae,3520,0
56521,Reduvius personatus,Insecta,Hemiptera,Reduviidae,3518,0
327194,Lygus rugulipennis,Insecta,Hemiptera,Miridae,3514,0
127757,Mellinus arvensis,Insecta,Hymenoptera,Crabronidae,3513,0
357809,Hada plebeja,Insecta,Lepidoptera,Noctuidae,3499,0
319747,Eupithecia vulgata,Insecta,Lepidoptera,Geometridae,3495,0
51974,Geometra papilionaria,Insecta,Lepidoptera,Geometridae,3494,0
429128,Atethmia centrago,Insecta,Lepidoptera,Noctuidae,3492,0
362307,Stenobothrus lineatus,Insecta,Orthoptera,Acrididae,3489,0
61799,Deltote bankiana,Insecta,Lepidoptera,Noctuidae,3487,0
205156,Cilix glaucata,Insecta,Lepidoptera,Drepanidae,3484,0
320192,Diarsia rubi,Insecta,Lepidoptera,Noctuidae,3480,0
337776,Bombus humilis,Insecta,Hymenoptera,Apidae,3478,0
332307,Oecanthus pellucens,Insecta,Orthoptera,Oecanthidae,3476,0
121827,Miramella alpina,Insecta,Orthoptera,Acrididae,3471,0
327173,Eurygaster maura,Insecta,Hemiptera,Scutelleridae,3470,0
194643,Stictopleurus punctatonervosus,Insecta,Hemiptera,Rhopalidae,3456,0
318818,Runcinia grammica,Arachnida,Araneae,Thomisidae,3455,0
127735,Bombus rupestris,Insecta,Hymenoptera,Apidae,3455,0
326360,Ennomos fuscantaria,Insecta,Lepidoptera,Geometridae,3453,0
98273,Coenagrion hastulatum,Insecta,Odonata,Coenagrionidae,3452,0
201279,Utetheisa pulchella,Insecta,Lepidoptera,Erebidae,3444,0
205758,Endrosis sarcitrella,Insecta,Lepidoptera,Oecophoridae,3439,0
82177,Hermetia illucens,Insecta,Diptera,Stratiomyidae,3429,0
130105,Ptilodon capucina,Insecta,Lepidoptera,Notodontidae,3415,0
60472,Apoderus coryli,Insecta,Coleoptera,Attelabidae,3415,0
470484,Idaea filicata,Insecta,Lepidoptera,Geometridae,3415,0
470356,Lixus pulverulentus,Insecta,Coleoptera,Curculionidae,3408,0
473042,Coccinula quatuordecimpustulata,Insecta,Coleoptera,Coccinellidae,3401,0
52516,Empis livida,Insecta,Diptera,Empididae,3395,0
205712,Corythucha arcuata,Insecta,Hemiptera,Tingidae,3394,0
57485,Parnassius mnemosyne,Insecta,Lepidoptera,Papilionidae,3391,0
411277,Tachystola acroxantha,Insecta,Lepidoptera,Oecophoridae,3390,0
361905,Lyristes plebejus,Insecta,Hemiptera,Cicadidae,3389,0
496641,Xysticus ulmi,Arachnida,Araneae,Thomisidae,3369,0
62380,Lycaena hippothoe,Insecta,Lepidoptera,Lycaenidae,3364,0
335001,Argynnis niobe,Insecta,Lepidoptera,Nymphalidae,3351,0
56530,Acherontia atropos,Insecta,Lepidoptera,Sphingidae,3341,0
60771,Phigalia pilosaria,Insecta,Lepidoptera,Geometridae,3339,0
122528,Typhaeus typhoeus,Insecta,Coleoptera,Geotrupidae,3334,0
430051,Ameles spallanzania,Insecta,Mantodea,Amelidae,3320,0
131092,Harpalus affinis,Insecta,Coleoptera,Carabidae,3320,0
483566,Lythria purpuraria,Insecta,Lepidoptera,Geometridae,3319,0
343501,Chrysolina herbacea,Insecta,Coleoptera,Chrysomelidae,3316,0
506735,Paracorymbia fulva,Insecta,Coleoptera,Cerambycidae,3309,0
362090,Spialia sertorius,Insecta,Lepidoptera,Hesperiidae,3308,0
51668,Hemaris fuciformis,Insecta,Lepidoptera,Sphingidae,3293,0
133787,Onychogomphus uncatus,Insecta,Odonata,Gomphidae,3286,0
103492,Ischnura graellsii,Insecta,Odonata,Coenagrionidae,3270,0
109646,Platycnemis latipes,Insecta,Odonata,Platycnemididae,3269,0
332234,Allophyes oxyacanthae,Insecta,Lepidoptera,Noctuidae,3268,0
1293321,Stagonomus venustissimus,Insecta,Hemiptera,Pentatomidae,3268,0
118841,Ammophila sabulosa,Insecta,Hymenoptera,Sphecidae,3261,0
131888,Oedemera virescens,Insecta,Coleoptera,Oedemeridae,3260,0
424814,Andrena hattorfiana,Insecta,Hymenoptera,Andrenidae,3259,0
750907,Eratigena duellica,Arachnida,Araneae,Agelenidae,3259,0
320832,Dermacentor reticulatus,Arachnida,Ixodida,Ixodidae,3257,0
475345,Malacosoma castrensis,Insecta,Lepidoptera,Lasiocampidae,3248,0
52424,Chrysopa perla,Insecta,Neuroptera,Chrysopidae,3245,0
468114,Crepidodera aurata,Insecta,Coleoptera,Chrysomelidae,3239,0
321981,Pandemis heparana,Insecta,Lepidoptera,Tortricidae,3238,0
324393,Scopula rubiginata,Insecta,Lepidoptera,Geometridae,3238,0
343363,Larinus turbinatus,Insecta,Coleoptera,Curculionidae,3237,0
131930,Pterostichus madidus,Insecta,Coleoptera,Carabidae,3237,0
437909,Metellina merianae,Arachnida,Araneae,Tetragnathidae,3236,0
228022,Phymatodes testaceus,Insecta,Coleoptera,Cerambycidae,3229,0
320827,Segestria florentina,Arachnida,Araneae,Segestriidae,3225,0
243770,Ascotis selenaria,Insecta,Lepidoptera,Geometridae,3225,0
153835,Philodromus cespitum,Arachnida,Araneae,Philodromidae,3225,0
244816,Biston strataria,Insecta,Lepidoptera,Geometridae,3219,0
325268,Aspitates ochrearia,Insecta,Lepidoptera,Geometridae,3212,0
360677,Philodromus margaritatus,Arachnida,Araneae,Philodromidae,3212,0
130103,Rusina ferruginea,Insecta,Lepidoptera,Noctuidae,3198,0
130082,Cyrtophora citricola,Arachnida,Araneae,Araneidae,3189,0
469165,Stenurella nigra,Insecta,Coleoptera,Cerambycidae,3188,0
362607,Protaetia morio,Insecta,Coleoptera,Scarabaeidae,3184,0
469101,Cyclophora puppillaria,Insecta,Lepidoptera,Geometridae,3181,0
324913,Dioryctria abietella,Insecta,Lepidoptera,Pyralidae,3170,0
363786,Picromerus bidens,Insecta,Hemiptera,Pentatomidae,3164,0
496161,Pimpla rufipes,Insecta,Hymenoptera,Ichneumonidae,3160,0
245711,Orthosia munda,Insecta,Lepidoptera,Noctuidae,3159,0
324676,Heterotoma planicornis,Insecta,Hemiptera,Miridae,3158,0
319544,Micrommata ligurina,Arachnida,Araneae,Sparassidae,3156,0
446878,Rhabdomiris striatellus,Insecta,Hemiptera,Miridae,3156,0
487690,Stenurella bifasciata,Insecta,Coleoptera,Cerambycidae,3154,0
362078,Polyommatus amandus,Insecta,Lepidoptera,Lycaenidae,3150,0
224154,Loxostege sticticalis,Insecta,Lepidoptera,Crambidae,3149,0
424371,Ephippiger diurnus,Insecta,Orthoptera,Tettigoniidae,3148,0
62189,Zygaena fausta,Insecta,Lepidoptera,Zygaenidae,3142,0
461061,Opatrum sabulosum,Insecta,Coleoptera,Tenebrionidae,3136,0
1253506,Bryopsis muralis,Insecta,Lepidoptera,Noctuidae,3134,0
347024,Heliothis peltigera,Insecta,Lepidoptera,Noctuidae,3131,0
130433,Amara aenea,Insecta,Coleoptera,Carabidae,3127,0
61901,Chrysolina polita,Insecta,Coleoptera,Chrysomelidae,3127,0
336708,Capnodis tenebrionis,Insecta,Coleoptera,Buprestidae,3125,0
324912,Acrobasis advenella,Insecta,Lepidoptera,Pyralidae,3122,0
216096,Caradrina morpheus,Insecta,Lepidoptera,Noctuidae,3120,0
332693,Pyrgus armoricanus,Insecta,Lepidoptera,Hesperiidae,3103,0
333774,Erebia medusa,Insecta,Lepidoptera,Nymphalidae,3101,0
326610,Dilophus febrilis,Insecta,Diptera,Bibionidae,3085,0
325640,Watsonalla uncinula,Insecta,Lepidoptera,Drepanidae,3080,0
127022,Amaurobius ferox,Arachnida,Araneae,Amaurobiidae,3071,0
346032,Mylabris quadripunctata,Insecta,Coleoptera,Meloidae,3066,0
142778,Diurnea fagella,Insecta,Lepidoptera,Lypusidae,3066,0
318441,Satyrium w-album,Insecta,Lepidoptera,Lycaenidae,3052,0
324136,Scoparia ambigualis,Insecta,Lepidoptera,Crambidae,3051,0
324273,Glyphotaelius pellucidus,Insecta,Trichoptera,Limnephilidae,3051,0
337019,Chrysotoxum bicinctum,Insecta,Diptera,Syrphidae,3049,0
484528,Andrena scotica,Insecta,Hymenoptera,Andrenidae,3048,0
325782,Carabus auronitens,Insecta,Coleoptera,Carabidae,3044,0
129102,Dolichovespula saxonica,Insecta,Hymenoptera,Vespidae,3040,0
429923,Vibidia duodecimguttata,Insecta,Coleoptera,Coccinellidae,3036,0
326199,Hoplodrina blanda,Insecta,Lepidoptera,Noctuidae,3033,0
126988,Nebria brevicollis,Insecta,Coleoptera,Carabidae,3032,0
154661,Sphecodes albilabris,Insecta,Hymenoptera,Halictidae,3032,0
135239,Dioctria hyalipennis,Insecta,Diptera,Asilidae,3030,0
130787,Thanasimus formicarius,Insecta,Coleoptera,Cleridae,3029,0
460837,Andrena nitida,Insecta,Hymenoptera,Andrenidae,3027,0
