latin,name
Harmonia axyridis,Harlequin Ladybird
Coccinella septempunctata,Seven-spot Ladybird
Apis mellifera,Honey Bee
Pararge aegeria,Speckled Wood
Vanessa atalanta,Red Admiral
Aglais io,Peacock Butterfly
Maniola jurtina,Meadow Brown
Pyrrhocoris apterus,Firebug
Polyommatus icarus,Common Blue
Bombus pascuorum,Common Carder Bee
Vanessa cardui,Painted Lady
Araneus diadematus,Garden Cross Spider
Aglais urticae,Small Tortoiseshell
Polygonia c-album,Comma
Pieris napi,Green-veined White
Episyrphus balteatus,Marmalade Hoverfly
Palomena prasina,Green Shield Bug
Eristalis tenax,Common Drone Fly
Lycaena phlaeas,Small Copper
Graphosoma italicum,Italian Striped Bug
Noctua pronuba,Large Yellow Underwing
Coenonympha pamphilus,Small Heath
Pisaura mirabilis,Nursery Web Spider
Argynnis paphia,Silver-washed Fritillary
Pieris rapae,Small White
Ischnura elegans,Blue-tailed Damselfly
Oxythyrea funesta,White-spotted Rose Beetle
Coreus marginatus,Dock Bug
Cetonia aurata,Rose Chafer
Gonepteryx rhamni,Common Brimstone
Autographa gamma,Silver Y
Rhagonycha fulva,Common Red Soldier Beetle
Mantis religiosa,European Mantis
Tettigonia viridissima,Great Green Bush-cricket
Melanargia galathea,Marbled White
Papilio machaon,Common Swallowtail
Sympetrum striolatum,Common Darter
Coenagrion puella,Azure Damselfly
Argiope bruennichi,Wasp Spider
Lucanus cervus,Stag Beetle
Ochlodes sylvanus,Large Skipper
Orthetrum cancellatum,Black-tailed Skimmer
Celastrina argiolus,Holly Blue
Dolycoris baccarum,Hairy Shield Bug
Pentatoma rufipes,Red-legged Shield Bug
Pyronia tithonus,Gatekeeper
Aphantopus hyperantus,Ringlet
Platycnemis pennipes,White-legged Damselfly
Macroglossum stellatarum,Hummingbird Hawk-moth
Dorcus parallelipipedus,Lesser Stag Beetle
Pieris brassicae,Large White
Vespa crabro,European Hornet
Anoplotrupes stercorosus,Woodland Dor Beetle
Sympetrum sanguineum,Ruddy Darter
Lasiommata megera,Wall Brown
Calopteryx splendens,Banded Demoiselle
Euplagia quadripunctaria,Jersey Tiger
Enallagma cyathigerum,Common Blue Damselfly
Halyomorpha halys,Brown Marmorated Stink Bug
Nezara viridula,Southern Green Stink Bug
Misumena vatia,Goldenrod Crab Spider
Oedemera nobilis,Swollen-thighed Beetle
Peribatodes rhomboidaria,Willow Beauty
Propylea quatuordecimpunctata,14-spot Ladybird
Anthocharis cardamines,Orange Tip
Araschnia levana,Map Butterfly
Pholidoptera griseoaptera,Dark Bush-cricket
Calopteryx virgo,Beautiful Demoiselle
Tyria jacobaeae,Cinnabar Moth
Cydalima perspectalis,Box Tree Moth
Eristalis pertinax,Tapered Drone Fly
Myathropa florea,Batman Hoverfly
Idaea aversata,Riband Wave
Issoria lathonia,Queen of Spain Fritillary
Camptogramma bilineata,Yellow Shell
Iphiclides podalirius,Scarce Swallowtail
Agrotis exclamationis,Heart and Dart
Psyllobora vigintiduopunctata,22-spot Ladybird
Pyrrhosoma nymphula,Large Red Damselfly
Macrothylacia rubi,Fox Moth
Colias crocea,Clouded Yellow
Helophilus pendulus,The Footballer Hoverfly
Ematurga atomaria,Common Heath
Bombus pratorum,Early Bumblebee
Acronicta rumicis,Knot Grass
Bombus terrestris,Buff-tailed Bumblebee
Pseudochorthippus parallelus,Meadow Grasshopper
Anacridium aegyptium,Egyptian Grasshopper
Xestia c-nigrum,Setaceous Hebrew Character
Bombus lapidarius,Red-tailed Bumblebee
Rutpela maculata,Spotted Longhorn Beetle
Leptoglossus occidentalis,Western Conifer Seed Bug
Aeshna cyanea,Southern Hawker
Crocothemis erythraea,Scarlet Darter
Chiasmia clathrata,Latticed Heath
Cercopis vulnerata,Red-and-black Froghopper
Gymnoscelis rufifasciata,Double-striped Pug
Stictoleptura rubra,Red Longhorn Beetle
Agelastica alni,Alder Leaf Beetle
Sympetrum fonscolombii,Red-veined Darter
Sphaerophoria scripta,Long Hoverfly
Oedipoda caerulescens,Blue-winged Grasshopper
Libellula quadrimaculata,Four-spotted Chaser
Lasiocampa quercus,Oak Eggar
Phragmatobia fuliginosa,Ruby Tiger
Leptophyes punctatissima,Speckled Bush-cricket
Volucella zonaria,Hornet Mimic Hoverfly
Deilephila elpenor,Elephant Hawk-moth
Zygaena filipendulae,Six-spot Burnet
Nuctenea umbratica,Walnut Orb-weaver
Chrysoteuchia culmella,Garden Grass-veneer
Libellula depressa,Broad-bodied Chaser
Calliteara pudibunda,Pale Tussock
Lymantria dispar,Spongy Moth
Epirrhoe alternata,Common Carpet
Bombus hypnorum,Tree Bumblebee
Rhaphigaster nebulosa,Mottled Shield Bug
Diplolepis rosae,Mossy Rose Gall Wasp
Euthrix potatoria,Drinker Moth
Adalia bipunctata,Two-spot Ladybird
Aricia agestis,Brown Argus
Phalangium opilio,Common Harvestman
Triodia sylvina,Orange Swift
Pholcus phalangioides,Daddy Long-legs Spider
Bombylius major,Dark-edged Bee-fly
Synema globosum,Napoleon Crab Spider
Euclidia glyphica,Burnet Companion
Xestia xanthographa,Square-spot Rustic
Cantharis rustica,Rustic Sailor Beetle
Zoropsis spinimana,False Wolf Spider
Lycaena tityrus,Sooty Copper
Volucella pellucens,Pellucid Hoverfly
Callophrys rubi,Green Hairstreak
Chorthippus brunneus,Field Grasshopper
Nomophila noctuella,Rush Veneer
Pyrausta despicata,Straw-barred Pearl
Idaea seriata,Small Dusty Wave
Oryctes nasicornis,European Rhinoceros Beetle
Patania ruralis,Mother of Pearl
Vespula germanica,German Wasp
Opisthograptis luteolata,Brimstone Moth
Polistes dominula,European Paper Wasp
Apamea monoglypha,Dark Arches
Phalera bucephala,Buff-tip
Phaneroptera nana,Southern Sickle-bearing Bush-cricket
Anax imperator,Emperor Dragonfly
Stenurella melanura,Black-striped Longhorn Beetle
Melitaea didyma,Spotted Fritillary
Opilio canestrinii,Canestrini's Harvestman
Rivula sericealis,Straw Dot
Timandra comae,Blood-vein
Pyrochroa serraticornis,Red-headed Cardinal Beetle
Cicindela campestris,Green Tiger Beetle
Endotricha flammealis,Rosy Tabby
Chalcolestes viridis,Willow Emerald Damselfly
Vespula vulgaris,Common Wasp
Orthetrum coerulescens,Keeled Skimmer
Ochropleura plecta,Flame Shoulder
Spilosoma lubricipeda,White Ermine
Deraeocoris ruber,Red Plant Bug
Carpocoris purpureipennis,Purple Shield Bug
Vespa velutina,Asian Hornet
Eurydema oleracea,Brassica Bug
Helicoverpa armigera,Scarce Bordered Straw
Syricoris lacunana,Dark Strawberry Tortrix
Pyrausta aurata,Mint Moth
Phlogophora meticulosa,Angle Shades
Orthosia gothica,Hebrew Character
Orthosia cerasi,Common Quaker
Thomisus onustus,Heather Crab Spider
Campaea margaritaria,Light Emerald
Xanthorhoe fluctuata,Garden Carpet
Roeseliana roeselii,Roesel's Bush-cricket
Plutella xylostella,Diamondback Moth
Aporia crataegi,Black-veined White
Mangora acalypha,Cricket-bat Orb-weaver
Trichodes apiarius,Bee-eating Checkered Beetle
Halyzia sedecimguttata,Orange Ladybird
Steatoda nobilis,Noble False Widow
Agrotis puta,Shuttle-shaped Dart
Hypena proboscidalis,Snout Moth
Syritta pipiens,Thick-legged Hoverfly
Acanthosoma haemorrhoidale,Hawthorn Shield Bug
Chloromyia formosa,Broad Centurion
Corizus hyoscyami,Cinnamon Bug
Polyommatus bellargus,Adonis Blue
Noctua comes,Lesser Yellow Underwing
Marpissa muscosa,Fence-post Jumping Spider
Lycaena virgaureae,Scarce Copper
Cossus cossus,Goat Moth
Agrypnus murinus,Grey Click Beetle
Mimas tiliae,Lime Hawk-moth
Phyllopertha horticola,Garden Chafer
Amata phegea,Nine-spotted Moth
Adalia decempunctata,10-spot Ladybird
Sympetrum vulgatum,Vagrant Darter
Mythimna albipuncta,White-point
Gryllus campestris,Field Cricket
Eupeodes corollae,Migrant Aphideater Hoverfly
Bombus hortorum,Garden Bumblebee
