index,taxon_id,latin
0,48484,Harmonia axyridis
1,51702,Coccinella septempunctata
2,47219,Apis mellifera
3,52592,Pararge aegeria
4,49133,Vanessa atalanta
5,207977,Aglais io
6,55653,Maniola jurtina
7,55610,Pyrrhocoris apterus
8,55641,Polyommatus icarus
9,55637,Bombus pascuorum
10,48548,Vanessa cardui
11,52628,Araneus diadematus
12,54468,Aglais urticae
13,56225,Polygonia c-album
14,54087,Pieris napi
15,52482,Episyrphus balteatus
16,62060,Palomena prasina
17,55719,Eristalis tenax
18,55655,Lycaena phlaeas
19,84804,Graphosoma italicum
20,81687,Noctua pronuba
21,52589,Coenonympha pamphilus
22,55787,Pisaura mirabilis
23,123628,Argynnis paphia
24,55626,Pieris rapae
25,61508,Ischnura elegans
26,68328,Oxythyrea funesta
27,318545,Coreus marginatus
28,52402,Cetonia aurata
29,52771,Gonepteryx rhamni
30,55651,Autographa gamma
31,62456,Rhagonycha fulva
32,53905,Mantis religiosa
33,133250,Tettigonia viridissima
34,130398,Melanargia galathea
35,56529,Papilio machaon
36,55625,Sympetrum striolatum
37,51678,Coenagrion puella
38,50867,Argiope bruennichi
39,61749,Lucanus cervus
40,61781,Ochlodes sylvanus
41,62067,Orthetrum cancellatum
42,55640,Celastrina argiolus
43,51666,Dolycoris baccarum
44,51275,Pentatoma rufipes
45,62429,Pyronia tithonus
46,62426,Aphantopus hyperantus
47,109650,Platycnemis pennipes
48,56293,Macroglossum stellatarum
49,123920,Dorcus parallelipipedus
50,55401,Pieris brassicae
51,54327,Vespa crabro
52,125655,Anoplotrupes stercorosus
53,113525,Sympetrum sanguineum
54,147298,Lasiommata megera
55,51824,Calopteryx splendens
56,118936,Euplagia quadripunctaria
57,99901,Enallagma cyathigerum
58,81923,Halyomorpha halys
59,141725,Nezara viridula
60,55746,Misumena vatia
61,61844,Oedemera nobilis
62,83459,Peribatodes rhomboidaria
63,61532,Propylea quatuordecimpunctata
64,51495,Anthocharis cardamines
65,55643,Araschnia levana
66,55359,Pholidoptera griseoaptera
67,61536,Calopteryx virgo
68,51781,Tyria jacobaeae
69,325295,Cydalima perspectalis
70,52490,Eristalis pertinax
71,70211,Myathropa florea
72,123658,Idaea aversata
73,62766,Issoria lathonia
74,61972,Camptogramma bilineata
75,62749,Iphiclides podalirius
76,132887,Agrotis exclamationis
77,51660,Psyllobora vigintiduopunctata
78,61152,Pyrrhosoma nymphula
79,127506,Macrothylacia rubi
80,143294,Colias crocea
81,52486,Helophilus pendulus
82,354801,Ematurga atomaria
83,124910,Bombus pratorum
84,55623,Acronicta rumicis
85,57516,Bombus terrestris
86,501625,Pseudochorthippus parallelus
87,132892,Anacridium aegyptium
88,203342,Xestia c-nigrum
89,57619,Bombus lapidarius
90,62321,Rutpela maculata
91,67771,Leptoglossus occidentalis
92,52519,Aeshna cyanea
93,85030,Crocothemis erythraea
94,124095,Chiasmia clathrata
95,61862,Cercopis vulnerata
96,311619,Gymnoscelis rufifasciata
97,53258,Stictoleptura rubra
98,210933,Agelastica alni
99,113507,Sympetrum fonscolombii
100,52964,Sphaerophoria scripta
101,326052,Oedipoda caerulescens
102,57443,Libellula quadrimaculata
103,56582,Lasiocampa quercus
104,143114,Phragmatobia fuliginosa
105,131035,Leptophyes punctatissima
106,343983,Volucella zonaria
107,55996,Deilephila elpenor
108,62083,Zygaena filipendulae
109,130092,Nuctenea umbratica
110,130188,Chrysoteuchia culmella
111,563098,Libellula depressa
112,205294,Calliteara pudibunda
113,47802,Lymantria dispar
114,127618,Epirrhoe alternata
115,61803,Bombus hypnorum
116,142936,Rhaphigaster nebulosa
117,205320,Diplolepis rosae
118,125012,Euthrix potatoria
119,52506,Adalia bipunctata
120,125494,Aricia agestis
121,84644,Phalangium opilio
122,461806,Triodia sylvina
123,67328,Pholcus phalangioides
124,51557,Bombylius major
125,245656,Synema globosum
126,132888,Euclidia glyphica
127,48162,Xestia xanthographa
128,337544,Cantharis rustica
129,127112,Zoropsis spinimana
130,154654,Lycaena tityrus
131,52480,Volucella pellucens
132,60896,Callophrys rubi
133,127308,Chorthippus brunneus
134,124027,Nomophila noctuella
135,124740,Pyrausta despicata
136,322983,Idaea seriata
137,82774,Oryctes nasicornis
138,560710,Patania ruralis
139,126155,Vespula germanica
140,59588,Opisthograptis luteolata
141,84640,Polistes dominula
142,205753,Apamea monoglypha
143,55361,Phalera bucephala
144,132070,Phaneroptera nana
145,94043,Anax imperator
146,52436,Stenurella melanura
147,133295,Melitaea didyma
148,527576,Opilio canestrinii
149,325341,Rivula sericealis
150,132885,Timandra comae
151,61517,Pyrochroa serraticornis
152,130143,Cicindela campestris
153,205154,Endotricha flammealis
154,124488,Chalcolestes viridis
155,127777,Vespula vulgaris
156,107954,Orthetrum coerulescens
157,324010,Ochropleura plecta
158,81653,Spilosoma lubricipeda
159,451784,Deraeocoris ruber
160,147332,Carpocoris purpureipennis
161,119019,Vespa velutina
162,70192,Eurydema oleracea
163,83806,Helicoverpa armigera
164,205971,Syricoris lacunana
165,55658,Pyrausta aurata
166,205151,Phlogophora meticulosa
167,210605,Orthosia gothica
168,244655,Orthosia cerasi
169,59281,Thomisus onustus
170,335611,Campaea margaritaria
171,243705,Xanthorhoe fluctuata
172,458944,Roeseliana roeselii
173,126765,Plutella xylostella
174,61295,Aporia crataegi
175,319548,Mangora acalypha
176,55048,Trichodes apiarius
177,52881,Halyzia sedecimguttata
178,366894,Steatoda nobilis
179,324921,Agrotis puta
180,202239,Hypena proboscidalis
181,81979,Syritta pipiens
182,51149,Acanthosoma haemorrhoidale
183,326598,Chloromyia formosa
184,51707,Corizus hyoscyami
185,154576,Polyommatus bellargus
186,205187,Noctua comes
187,146723,Marpissa muscosa
188,147078,Lycaena virgaureae
189,362611,Cossus cossus
190,52406,Agrypnus murinus
191,154388,Mimas tiliae
192,51662,Phyllopertha horticola
193,57489,Amata phegea
194,130414,Adalia decempunctata
195,132657,Sympetrum vulgatum
196,320878,Mythimna albipuncta
197,71248,Gryllus campestris
198,69190,Eupeodes corollae
199,121989,Bombus hortorum
