taxon_id,latin,class,order,family,obs_count
48484,Harmonia axyridis,Insecta,Coleoptera,Coccinellidae,149168
51702,Coccinella septempunctata,Insecta,Coleoptera,Coccinellidae,125958
47219,Apis mellifera,Insecta,Hymenoptera,Apidae,111140
52592,Pararge aegeria,Insecta,Lepidoptera,Nymphalidae,102548
49133,Vanessa atalanta,Insecta,Lepidoptera,Nymphalidae,100614
207977,Aglais io,Insecta,Lepidoptera,Nymphalidae,90419
55653,Maniola jurtina,Insecta,Lepidoptera,Nymphalidae,83183
55610,Pyrrhocoris apterus,Insecta,Hemiptera,Pyrrhocoridae,67264
55641,Polyommatus icarus,Insecta,Lepidoptera,Lycaenidae,66673
55637,Bombus pascuorum,Insecta,Hymenoptera,Apidae,63110
48548,Vanessa cardui,Insecta,Lepidoptera,Nymphalidae,62737
52628,Araneus diadematus,Arachnida,Araneae,Araneidae,61648
54468,Aglais urticae,Insecta,Lepidoptera,Nymphalidae,59535
56225,Polygonia c-album,Insecta,Lepidoptera,Nymphalidae,59237
54087,Pieris napi,Insecta,Lepidoptera,Pieridae,58334
52482,Episyrphus balteatus,Insecta,Diptera,Syrphidae,57504
62060,Palomena prasina,Insecta,Hemiptera,Pentatomidae,53075
55719,Eristalis tenax,Insecta,Diptera,Syrphidae,52651
55655,Lycaena phlaeas,Insecta,Lepidoptera,Lycaenidae,52173
84804,Graphosoma italicum,Insecta,Hemiptera,Pentatomidae,50431
81687,Noctua pronuba,Insecta,Lepidoptera,Noctuidae,49206
52589,Coenonympha pamphilus,Insecta,Lepidoptera,Nymphalidae,47529
55787,Pisaura mirabilis,Arachnida,Araneae,Pisauridae,45910
123628,Argynnis paphia,Insecta,Lepidoptera,Nymphalidae,44447
55626,Pieris rapae,Insecta,Lepidoptera,Pieridae,44309
61508,Ischnura elegans,Insecta,Odonata,Coenagrionidae,44294
68328,Oxythyrea funesta,Insecta,Coleoptera,Scarabaeidae,43787
318545,Coreus marginatus,Insecta,Hemiptera,Coreidae,43427
52402,Cetonia aurata,Insecta,Coleoptera,Scarabaeidae,42380
52771,Gonepteryx rhamni,Insecta,Lepidoptera,Pieridae,41289
55651,Autographa gamma,Insecta,Lepidoptera,Noctuidae,40794
62456,Rhagonycha fulva,Insecta,Coleoptera,Cantharidae,40451
53905,Mantis religiosa,Insecta,Mantodea,Mantidae,39283
133250,Tettigonia viridissima,Insecta,Orthoptera,Tettigoniidae,38259
130398,Melanargia galathea,Insecta,Lepidoptera,Nymphalidae,38024
56529,Papilio machaon,Insecta,Lepidoptera,Papilionidae,37752
55625,Sympetrum striolatum,Insecta,Odonata,Libellulidae,36611
51678,Coenagrion puella,Insecta,Odonata,Coenagrionidae,36274
50867,Argiope bruennichi,Arachnida,Araneae,Araneidae,36246
61749,Lucanus cervus,Insecta,Coleoptera,Lucanidae,36008
61781,Ochlodes sylvanus,Insecta,Lepidoptera,Hesperiidae,35905
62067,Orthetrum cancellatum,Insecta,Odonata,Libellulidae,35686
55640,Celastrina argiolus,Insecta,Lepidoptera,Lycaenidae,35544
51666,Dolycoris baccarum,Insecta,Hemiptera,Pentatomidae,34925
51275,Pentatoma rufipes,Insecta,Hemiptera,Pentatomidae,34103
62429,Pyronia tithonus,Insecta,Lepidoptera,Nymphalidae,34092
62426,Aphantopus hyperantus,Insecta,Lepidoptera,Nymphalidae,34012
109650,Platycnemis pennipes,Insecta,Odonata,Platycnemididae,33647
56293,Macroglossum stellatarum,Insecta,Lepidoptera,Sphingidae,33299
123920,Dorcus parallelipipedus,Insecta,Coleoptera,Lucanidae,33148
55401,Pieris brassicae,Insecta,Lepidoptera,Pieridae,32995
54327,Vespa crabro,Insecta,Hymenoptera,Vespidae,32800
125655,Anoplotrupes stercorosus,Insecta,Coleoptera,Geotrupidae,32467
113525,Sympetrum sanguineum,Insecta,Odonata,Libellulidae,31730
147298,Lasiommata megera,Insecta,Lepidoptera,Nymphalidae,31696
51824,Calopteryx splendens,Insecta,Odonata,Calopterygidae,31279
118936,Euplagia quadripunctaria,Insecta,Lepidoptera,Erebidae,30696
99901,Enallagma cyathigerum,Insecta,Odonata,Coenagrionidae,30232
81923,Halyomorpha halys,Insecta,Hemiptera,Pentatomidae,29933
141725,Nezara viridula,Insecta,Hemiptera,Pentatomidae,29306
55746,Misumena vatia,Arachnida,Araneae,Thomisidae,29185
61844,Oedemera nobilis,Insecta,Coleoptera,Oedemeridae,29122
83459,Peribatodes rhomboidaria,Insecta,Lepidoptera,Geometridae,28439
61532,Propylea quatuordecimpunctata,Insecta,Coleoptera,Coccinellidae,27828
51495,Anthocharis cardamines,Insecta,Lepidoptera,Pieridae,27683
55643,Araschnia levana,Insecta,Lepidoptera,Nymphalidae,27356
55359,Pholidoptera griseoaptera,Insecta,Orthoptera,Tettigoniidae,27011
61536,Calopteryx virgo,Insecta,Odonata,Calopterygidae,26637
51781,Tyria jacobaeae,Insecta,Lepidoptera,Erebidae,26573
325295,Cydalima perspectalis,Insecta,Lepidoptera,Crambidae,26071
52490,Eristalis pertinax,Insecta,Diptera,Syrphidae,26059
70211,Myathropa florea,Insecta,Diptera,Syrphidae,25922
123658,Idaea aversata,Insecta,Lepidoptera,Geometridae,25783
62766,Issoria lathonia,Insecta,Lepidoptera,Nymphalidae,24827
61972,Camptogramma bilineata,Insecta,Lepidoptera,Geometridae,24634
62749,Iphiclides podalirius,Insecta,Lepidoptera,Papilionidae,24618
132887,Agrotis exclamationis,Insecta,Lepidoptera,Noctuidae,24087
51660,Psyllobora vigintiduopunctata,Insecta,Coleoptera,Coccinellidae,23282
61152,Pyrrhosoma nymphula,Insecta,Odonata,Coenagrionidae,22930
127506,Macrothylacia rubi,Insecta,Lepidoptera,Lasiocampidae,22692
143294,Colias crocea,Insecta,Lepidoptera,Pieridae,21686
52486,Helophilus pendulus,Insecta,Diptera,Syrphidae,21412
354801,Ematurga atomaria,Insecta,Lepidoptera,Geometridae,21371
124910,Bombus pratorum,Insecta,Hymenoptera,Apidae,20688
55623,Acronicta rumicis,Insecta,Lepidoptera,Noctuidae,20583
57516,Bombus terrestris,Insecta,Hymenoptera,Apidae,20519
501625,Pseudochorthippus parallelus,Insecta,Orthoptera,Acrididae,20504
132892,Anacridium aegyptium,Insecta,Orthoptera,Acrididae,20481
203342,Xestia c-nigrum,Insecta,Lepidoptera,Noctuidae,20243
57619,Bombus lapidarius,Insecta,Hymenoptera,Apidae,20085
62321,Rutpela maculata,Insecta,Coleoptera,Cerambycidae,19910
67771,Leptoglossus occidentalis,Insecta,Hemiptera,Coreidae,19692
52519,Aeshna cyanea,Insecta,Odonata,Aeshnidae,19294
85030,Crocothemis erythraea,Insecta,Odonata,Libellulidae,19249
124095,Chiasmia clathrata,Insecta,Lepidoptera,Geometridae,19155
61862,Cercopis vulnerata,Insecta,Hemiptera,Cercopidae,19020
311619,Gymnoscelis rufifasciata,Insecta,Lepidoptera,Geometridae,18585
53258,Stictoleptura rubra,Insecta,Coleoptera,Cerambycidae,18493
210933,Agelastica alni,Insecta,Coleoptera,Chrysomelidae,18288
113507,Sympetrum fonscolombii,Insecta,Odonata,Libellulidae,18214
52964,Sphaerophoria scripta,Insecta,Diptera,Syrphidae,17949
326052,Oedipoda caerulescens,Insecta,Orthoptera,Acrididae,17888
57443,Libellula quadrimaculata,Insecta,Odonata,Libellulidae,17797
56582,Lasiocampa quercus,Insecta,Lepidoptera,Lasiocampidae,17781
143114,Phragmatobia fuliginosa,Insecta,Lepidoptera,Erebidae,17773
131035,Leptophyes punctatissima,Insecta,Orthoptera,Tettigoniidae,17633
343983,Volucella zonaria,Insecta,Diptera,Syrphidae,17628
55996,Deilephila elpenor,Insecta,Lepidoptera,Sphingidae,17625
62083,Zygaena filipendulae,Insecta,Lepidoptera,Zygaenidae,17611
130092,Nuctenea umbratica,Arachnida,Araneae,Araneidae,17494
130188,Chrysoteuchia culmella,Insecta,Lepidoptera,Crambidae,17476
563098,Libellula depressa,Insecta,Odonata,Libellulidae,17451
205294,Calliteara pudibunda,Insecta,Lepidoptera,Erebidae,17345
47802,Lymantria dispar,Insecta,Lepidoptera,Erebidae,17301
127618,Epirrhoe alternata,Insecta,Lepidoptera,Geometridae,17114
61803,Bombus hypnorum,Insecta,Hymenoptera,Apidae,16926
142936,Rhaphigaster nebulosa,Insecta,Hemiptera,Pentatomidae,16788
205320,Diplolepis rosae,Insecta,Hymenoptera,Diplolepididae,16756
125012,Euthrix potatoria,Insecta,Lepidoptera,Lasiocampidae,16753
52506,Adalia bipunctata,Insecta,Coleoptera,Coccinellidae,16549
125494,Aricia agestis,Insecta,Lepidoptera,Lycaenidae,16254
84644,Phalangium opilio,Arachnida,Opiliones,Phalangiidae,16116
461806,Triodia sylvina,Insecta,Lepidoptera,Hepialidae,16060
67328,Pholcus phalangioides,Arachnida,Araneae,Pholcidae,15984
51557,Bombylius major,Insecta,Diptera,Bombyliidae,15820
245656,Synema globosum,Arachnida,Araneae,Thomisidae,15793
132888,Euclidia glyphica,Insecta,Lepidoptera,Erebidae,15763
48162,Xestia xanthographa,Insecta,Lepidoptera,Noctuidae,15574
337544,Cantharis rustica,Insecta,Coleoptera,Cantharidae,15572
127112,Zoropsis spinimana,Arachnida,Araneae,Zoropsidae,15531
154654,Lycaena tityrus,Insecta,Lepidoptera,Lycaenidae,15239
52480,Volucella pellucens,Insecta,Diptera,Syrphidae,15159
60896,Callophrys rubi,Insecta,Lepidoptera,Lycaenidae,14895
127308,Chorthippus brunneus,Insecta,Orthoptera,Acrididae,14852
124027,Nomophila noctuella,Insecta,Lepidoptera,Crambidae,14556
124740,Pyrausta despicata,Insecta,Lepidoptera,Crambidae,14479
322983,Idaea seriata,Insecta,Lepidoptera,Geometridae,14358
82774,Oryctes nasicornis,Insecta,Coleoptera,Scarabaeidae,14348
560710,Patania ruralis,Insecta,Lepidoptera,Crambidae,14308
126155,Vespula germanica,Insecta,Hymenoptera,Vespidae,14307
59588,Opisthograptis luteolata,Insecta,Lepidoptera,Geometridae,14016
84640,Polistes dominula,Insecta,Hymenoptera,Vespidae,13805
205753,Apamea monoglypha,Insecta,Lepidoptera,Noctuidae,13724
55361,Phalera bucephala,Insecta,Lepidoptera,Notodontidae,13687
132070,Phaneroptera nana,Insecta,Orthoptera,Tettigoniidae,13582
94043,Anax imperator,Insecta,Odonata,Aeshnidae,13470
52436,Stenurella melanura,Insecta,Coleoptera,Cerambycidae,13468
133295,Melitaea didyma,Insecta,Lepidoptera,Nymphalidae,13131
527576,Opilio canestrinii,Arachnida,Opiliones,Phalangiidae,13121
325341,Rivula sericealis,Insecta,Lepidoptera,Erebidae,13084
132885,Timandra comae,Insecta,Lepidoptera,Geometridae,13036
61517,Pyrochroa serraticornis,Insecta,Coleoptera,Pyrochroidae,13026
130143,Cicindela campestris,Insecta,Coleoptera,Cicindelidae,13020
205154,Endotricha flammealis,Insecta,Lepidoptera,Pyralidae,13007
124488,Chalcolestes viridis,Insecta,Odonata,Lestidae,12986
127777,Vespula vulgaris,Insecta,Hymenoptera,Vespidae,12860
107954,Orthetrum coerulescens,Insecta,Odonata,Libellulidae,12782
324010,Ochropleura plecta,Insecta,Lepidoptera,Noctuidae,12772
81653,Spilosoma lubricipeda,Insecta,Lepidoptera,Erebidae,12747
451784,Deraeocoris ruber,Insecta,Hemiptera,Miridae,12673
147332,Carpocoris purpureipennis,Insecta,Hemiptera,Pentatomidae,12625
119019,Vespa velutina,Insecta,Hymenoptera,Vespidae,12593
70192,Eurydema oleracea,Insecta,Hemiptera,Pentatomidae,12540
83806,Helicoverpa armigera,Insecta,Lepidoptera,Noctuidae,12388
205971,Syricoris lacunana,Insecta,Lepidoptera,Tortricidae,12333
55658,Pyrausta aurata,Insecta,Lepidoptera,Crambidae,12241
205151,Phlogophora meticulosa,Insecta,Lepidoptera,Noctuidae,12222
210605,Orthosia gothica,Insecta,Lepidoptera,Noctuidae,12192
244655,Orthosia cerasi,Insecta,Lepidoptera,Noctuidae,12039
59281,Thomisus onustus,Arachnida,Araneae,Thomisidae,12027
335611,Campaea margaritaria,Insecta,Lepidoptera,Geometridae,12015
243705,Xanthorhoe fluctuata,Insecta,Lepidoptera,Geometridae,11856
458944,Roeseliana roeselii,Insecta,Orthoptera,Tettigoniidae,11845
126765,Plutella xylostella,Insecta,Lepidoptera,Plutellidae,11827
61295,Aporia crataegi,Insecta,Lepidoptera,Pieridae,11821
319548,Mangora acalypha,Arachnida,Araneae,Araneidae,11761
55048,Trichodes apiarius,Insecta,Coleoptera,Cleridae,11647
52881,Halyzia sedecimguttata,Insecta,Coleoptera,Coccinellidae,11644
366894,Steatoda nobilis,Arachnida,Araneae,Theridiidae,11616
324921,Agrotis puta,Insecta,Lepidoptera,Noctuidae,11595
202239,Hypena proboscidalis,Insecta,Lepidoptera,Erebidae,11590
81979,Syritta pipiens,Insecta,Diptera,Syrphidae,11575
51149,Acanthosoma haemorrhoidale,Insecta,Hemiptera,Acanthosomatidae,11513
326598,Chloromyia formosa,Insecta,Diptera,Stratiomyidae,11502
51707,Corizus hyoscyami,Insecta,Hemiptera,Rhopalidae,11410
154576,Polyommatus bellargus,Insecta,Lepidoptera,Lycaenidae,11357
205187,Noctua comes,Insecta,Lepidoptera,Noctuidae,11338
146723,Marpissa muscosa,Arachnida,Araneae,Salticidae,11307
147078,Lycaena virgaureae,Insecta,Lepidoptera,Lycaenidae,11272
362611,Cossus cossus,Insecta,Lepidoptera,Cossidae,11237
52406,Agrypnus murinus,Insecta,Coleoptera,Elateridae,11222
154388,Mimas tiliae,Insecta,Lepidoptera,Sphingidae,11158
51662,Phyllopertha horticola,Insecta,Coleoptera,Scarabaeidae,11131
57489,Amata phegea,Insecta,Lepidoptera,Erebidae,11083
130414,Adalia decempunctata,Insecta,Coleoptera,Coccinellidae,11046
132657,Sympetrum vulgatum,Insecta,Odonata,Libellulidae,10986
320878,Mythimna albipuncta,Insecta,Lepidoptera,Noctuidae,10949
71248,Gryllus campestris,Insecta,Orthoptera,Gryllidae,10946
69190,Eupeodes corollae,Insecta,Diptera,Syrphidae,10842
121989,Bombus hortorum,Insecta,Hymenoptera,Apidae,7834
